raw_address,instruction_address,thumb,size_bytes,mangled_symbol,demangled_symbol,ownership,subsystem,confidence,evidence_ids
"0x001415a5","0x001415a4","1","16","JNI_OnLoad","JNI_OnLoad","app","platform","0.99","DER-NATIVE-001;DER-NATIVE-CORPUS-001"
"0x00141d5d","0x00141d5c","1","28","_ZN11AppDelegateC1Ev","AppDelegate::AppDelegate()","app","platform","0.99","DER-NATIVE-001;DER-NATIVE-CORPUS-001"
"0x00141660","0x00141660","0","20","_ZThn228_N10AboutLayerD1Ev","non-virtual thunk to AboutLayer::~AboutLayer()","app","presentation","0.99","DER-NATIVE-001;DER-NATIVE-CORPUS-001"
"0x00141675","0x00141674","1","60","_ZN10AboutLayerD2Ev","AboutLayer::~AboutLayer()","app","presentation","0.99","DER-NATIVE-001;DER-NATIVE-CORPUS-001"
"0x001416b0","0x001416b0","0","20","_ZThn228_N10AboutLayerD0Ev","non-virtual thunk to AboutLayer::~AboutLayer()","app","presentation","0.99","DER-NATIVE-001;DER-NATIVE-CORPUS-001"
"0x001416c5","0x001416c4","1","18","_ZN10AboutLayerD0Ev","AboutLayer::~AboutLayer()","app","presentation","0.99","DER-NATIVE-001;DER-NATIVE-CORPUS-001"
"0x00141675","0x00141674","1","60","_ZN10AboutLayerD1Ev","AboutLayer::~AboutLayer()","app","presentation","0.99","DER-NATIVE-001;DER-NATIVE-CORPUS-001"
"0x001416d9","0x001416d8","1","304","_ZN10AboutLayer16addHeartCallbackEv","AboutLayer::addHeartCallback()","app","presentation","0.99","DER-NATIVE-001;DER-NATIVE-CORPUS-001"
"0x00141809","0x00141808","1","8","_ZN10AboutLayer12likeCallbackEPN7cocos2d8CCObjectE","AboutLayer::likeCallback(cocos2d::CCObject*)","app","presentation","0.99","DER-NATIVE-001;DER-NATIVE-CORPUS-001"
"0x00141811","0x00141810","1","8","_ZN10AboutLayer13emailCallbackEPN7cocos2d8CCObjectE","AboutLayer::emailCallback(cocos2d::CCObject*)","app","presentation","0.99","DER-NATIVE-001;DER-NATIVE-CORPUS-001"
"0x00141819","0x00141818","1","100","_ZN10AboutLayer12menuCallbackEPN7cocos2d8CCObjectE","AboutLayer::menuCallback(cocos2d::CCObject*)","app","presentation","0.99","DER-NATIVE-001;DER-NATIVE-CORPUS-001"
"0x0015bb89","0x0015bb88","1","140","_ZN13MainMenuLayerC1Ev","MainMenuLayer::MainMenuLayer()","app","presentation","0.99","DER-NATIVE-001;DER-NATIVE-CORPUS-001"
"0x0014187d","0x0014187c","1","628","_ZN10AboutLayer7onEnterEv","AboutLayer::onEnter()","app","presentation","0.99","DER-NATIVE-001;DER-NATIVE-CORPUS-001"
"0x00163c45","0x00163c44","1","36","_ZN8Settings24RefreshNetworkConnectionEv","Settings::RefreshNetworkConnection()","app","progression","0.99","DER-NATIVE-001;DER-NATIVE-CORPUS-001"
"0x00141af1","0x00141af0","1","84","_ZN10AboutLayer14reviewCallbackEPN7cocos2d8CCObjectE","AboutLayer::reviewCallback(cocos2d::CCObject*)","app","presentation","0.99","DER-NATIVE-001;DER-NATIVE-CORPUS-001"
"0x00163ea5","0x00163ea4","1","16","_ZN8Settings13getTotalCoinsEv","Settings::getTotalCoins()","app","progression","0.99","DER-NATIVE-001;DER-NATIVE-CORPUS-001"
"0x00163eb5","0x00163eb4","1","24","_ZN8Settings13setTotalCoinsEi","Settings::setTotalCoins(int)","app","progression","0.99","DER-NATIVE-001;DER-NATIVE-CORPUS-001"
"0x00141b45","0x00141b44","1","56","_ZN10AboutLayerC2Ev","AboutLayer::AboutLayer()","app","presentation","0.99","DER-NATIVE-001;DER-NATIVE-CORPUS-001"
"0x00141b45","0x00141b44","1","56","_ZN10AboutLayerC1Ev","AboutLayer::AboutLayer()","app","presentation","0.99","DER-NATIVE-001;DER-NATIVE-CORPUS-001"
"0x00141ced","0x00141cec","1","22","_ZN11AppDelegate30applicationWillEnterForegroundEv","AppDelegate::applicationWillEnterForeground()","app","platform","0.99","DER-NATIVE-001;DER-NATIVE-CORPUS-001"
"0x00141d03","0x00141d02","1","26","_ZN11AppDelegate29applicationDidEnterBackgroundEv","AppDelegate::applicationDidEnterBackground()","app","platform","0.99","DER-NATIVE-001;DER-NATIVE-CORPUS-001"
"0x00163095","0x00163094","1","1420","_ZN8Settings8SaveDataEv","Settings::SaveData()","app","progression","0.99","DER-NATIVE-001;DER-NATIVE-CORPUS-001"
"0x00141d1d","0x00141d1c","1","44","_ZN11AppDelegateD2Ev","AppDelegate::~AppDelegate()","app","platform","0.99","DER-NATIVE-001;DER-NATIVE-CORPUS-001"
"0x00141d49","0x00141d48","1","18","_ZN11AppDelegateD0Ev","AppDelegate::~AppDelegate()","app","platform","0.99","DER-NATIVE-001;DER-NATIVE-CORPUS-001"
"0x00141d1d","0x00141d1c","1","44","_ZN11AppDelegateD1Ev","AppDelegate::~AppDelegate()","app","platform","0.99","DER-NATIVE-001;DER-NATIVE-CORPUS-001"
"0x00141d5d","0x00141d5c","1","28","_ZN11AppDelegateC2Ev","AppDelegate::AppDelegate()","app","platform","0.99","DER-NATIVE-001;DER-NATIVE-CORPUS-001"
"0x00141f51","0x00141f50","1","356","_ZN11AppDelegate29applicationDidFinishLaunchingEv","AppDelegate::applicationDidFinishLaunching()","app","platform","0.99","DER-NATIVE-001;DER-NATIVE-CORPUS-001"
"0x00163621","0x00163620","1","1572","_ZN8Settings8LoadDataEv","Settings::LoadData()","app","progression","0.99","DER-NATIVE-001;DER-NATIVE-CORPUS-001"
"0x00163eed","0x00163eec","1","16","_ZN8Settings21getSelectedBackgroundEv","Settings::getSelectedBackground()","app","progression","0.99","DER-NATIVE-001;DER-NATIVE-CORPUS-001"
"0x00142358","0x00142358","0","20","_ZThn228_N13BaseBirdLayer14ccTouchesMovedEPN7cocos2d5CCSetEPNS0_7CCEventE","non-virtual thunk to BaseBirdLayer::ccTouchesMoved(cocos2d::CCSet*, cocos2d::CCEvent*)","app","gameplay","0.99","DER-NATIVE-001;DER-NATIVE-CORPUS-001"
"0x0014236d","0x0014236c","1","2","_ZN13BaseBirdLayer14ccTouchesMovedEPN7cocos2d5CCSetEPNS0_7CCEventE","BaseBirdLayer::ccTouchesMoved(cocos2d::CCSet*, cocos2d::CCEvent*)","app","gameplay","0.99","DER-NATIVE-001;DER-NATIVE-CORPUS-001"
"0x00142370","0x00142370","0","20","_ZThn228_N13BaseBirdLayer14ccTouchesEndedEPN7cocos2d5CCSetEPNS0_7CCEventE","non-virtual thunk to BaseBirdLayer::ccTouchesEnded(cocos2d::CCSet*, cocos2d::CCEvent*)","app","gameplay","0.99","DER-NATIVE-001;DER-NATIVE-CORPUS-001"
"0x00142385","0x00142384","1","2","_ZN13BaseBirdLayer14ccTouchesEndedEPN7cocos2d5CCSetEPNS0_7CCEventE","BaseBirdLayer::ccTouchesEnded(cocos2d::CCSet*, cocos2d::CCEvent*)","app","gameplay","0.99","DER-NATIVE-001;DER-NATIVE-CORPUS-001"
"0x00142388","0x00142388","0","20","_ZThn228_N13BaseBirdLayer14ccTouchesBeganEPN7cocos2d5CCSetEPNS0_7CCEventE","non-virtual thunk to BaseBirdLayer::ccTouchesBegan(cocos2d::CCSet*, cocos2d::CCEvent*)","app","gameplay","0.99","DER-NATIVE-001;DER-NATIVE-CORPUS-001"
"0x0014239d","0x0014239c","1","88","_ZN13BaseBirdLayer14ccTouchesBeganEPN7cocos2d5CCSetEPNS0_7CCEventE","BaseBirdLayer::ccTouchesBegan(cocos2d::CCSet*, cocos2d::CCEvent*)","app","gameplay","0.99","DER-NATIVE-001;DER-NATIVE-CORPUS-001"
"0x001605a1","0x001605a0","1","140","_ZN17PhysicsBladeLayer14PlaySwoshSoundEv","PhysicsBladeLayer::PlaySwoshSound()","app","physics","0.99","DER-NATIVE-001;DER-NATIVE-CORPUS-001"
"0x001445c9","0x001445c8","1","252","_ZN9BirdBlade5TouchEN7cocos2d7CCPointE","BirdBlade::Touch(cocos2d::CCPoint)","app","physics","0.99","DER-NATIVE-001;DER-NATIVE-CORPUS-001"
"0x001423f5","0x001423f4","1","8","_ZN13BaseBirdLayer7onEnterEv","BaseBirdLayer::onEnter()","app","gameplay","0.99","DER-NATIVE-001;DER-NATIVE-CORPUS-001"
"0x001431e5","0x001431e4","1","94","_ZN17BaseGameplayLayer7onEnterEv","BaseGameplayLayer::onEnter()","app","gameplay","0.99","DER-NATIVE-001;DER-NATIVE-CORPUS-001"
"0x001423fd","0x001423fc","1","78","_ZN13BaseBirdLayer6updateEf","BaseBirdLayer::update(float)","app","gameplay","0.99","DER-NATIVE-001;DER-NATIVE-CORPUS-001"
"0x00160443","0x00160442","1","156","_ZN17PhysicsBladeLayer6updateEf","PhysicsBladeLayer::update(float)","app","physics","0.99","DER-NATIVE-001;DER-NATIVE-CORPUS-001"
"0x00144b07","0x00144b06","1","20","_ZN9BirdBlade11RayCashDoneEv","BirdBlade::RayCashDone()","app","physics","0.99","DER-NATIVE-001;DER-NATIVE-CORPUS-001"
"0x0014244c","0x0014244c","0","20","_ZThn228_N17BaseGameplayLayerD1Ev","non-virtual thunk to BaseGameplayLayer::~BaseGameplayLayer()","app","gameplay","0.99","DER-NATIVE-001;DER-NATIVE-CORPUS-001"
"0x00142461","0x00142460","1","124","_ZN17BaseGameplayLayerD2Ev","BaseGameplayLayer::~BaseGameplayLayer()","app","gameplay","0.99","DER-NATIVE-001;DER-NATIVE-CORPUS-001"
"0x001424dc","0x001424dc","0","20","_ZThn228_N13BaseBirdLayerD1Ev","non-virtual thunk to BaseBirdLayer::~BaseBirdLayer()","app","gameplay","0.99","DER-NATIVE-001;DER-NATIVE-CORPUS-001"
"0x001424f1","0x001424f0","1","60","_ZN13BaseBirdLayerD2Ev","BaseBirdLayer::~BaseBirdLayer()","app","gameplay","0.99","DER-NATIVE-001;DER-NATIVE-CORPUS-001"
"0x0014252c","0x0014252c","0","20","_ZThn228_N13BaseBirdLayerD0Ev","non-virtual thunk to BaseBirdLayer::~BaseBirdLayer()","app","gameplay","0.99","DER-NATIVE-001;DER-NATIVE-CORPUS-001"
"0x00142541","0x00142540","1","18","_ZN13BaseBirdLayerD0Ev","BaseBirdLayer::~BaseBirdLayer()","app","gameplay","0.99","DER-NATIVE-001;DER-NATIVE-CORPUS-001"
"0x001424f1","0x001424f0","1","60","_ZN13BaseBirdLayerD1Ev","BaseBirdLayer::~BaseBirdLayer()","app","gameplay","0.99","DER-NATIVE-001;DER-NATIVE-CORPUS-001"
"0x00142554","0x00142554","0","20","_ZThn228_N17BaseGameplayLayerD0Ev","non-virtual thunk to BaseGameplayLayer::~BaseGameplayLayer()","app","gameplay","0.99","DER-NATIVE-001;DER-NATIVE-CORPUS-001"
"0x00142569","0x00142568","1","18","_ZN17BaseGameplayLayerD0Ev","BaseGameplayLayer::~BaseGameplayLayer()","app","gameplay","0.99","DER-NATIVE-001;DER-NATIVE-CORPUS-001"
"0x00142461","0x00142460","1","124","_ZN17BaseGameplayLayerD1Ev","BaseGameplayLayer::~BaseGameplayLayer()","app","gameplay","0.99","DER-NATIVE-001;DER-NATIVE-CORPUS-001"
"0x0014257d","0x0014257c","1","76","_ZN13BaseBirdLayerC2Ev","BaseBirdLayer::BaseBirdLayer()","app","gameplay","0.99","DER-NATIVE-001;DER-NATIVE-CORPUS-001"
"0x00143345","0x00143344","1","148","_ZN17BaseGameplayLayerC2Ev","BaseGameplayLayer::BaseGameplayLayer()","app","gameplay","0.99","DER-NATIVE-001;DER-NATIVE-CORPUS-001"
"0x0016119d","0x0016119c","1","8","_ZN17PhysicsBladeLayer13setInitBladesEb","PhysicsBladeLayer::setInitBlades(bool)","app","physics","0.99","DER-NATIVE-001;DER-NATIVE-CORPUS-001"
"0x001425c9","0x001425c8","1","78","_ZN13BaseBirdLayer15CreateBirdBladeEPKci","BaseBirdLayer::CreateBirdBlade(char const*, int)","app","physics","0.99","DER-NATIVE-001;DER-NATIVE-CORPUS-001"
"0x001444a5","0x001444a4","1","116","_ZN9BirdBladeC1EPKci","BirdBlade::BirdBlade(char const*, int)","app","physics","0.99","DER-NATIVE-001;DER-NATIVE-CORPUS-001"
"0x00160599","0x00160598","1","6","_ZN17PhysicsBladeLayer22getCurrentScoreManagerEv","PhysicsBladeLayer::getCurrentScoreManager()","app","scoring","0.99","DER-NATIVE-001;DER-NATIVE-CORPUS-001"
"0x0014a0cd","0x0014a0cc","1","6","_ZN12ComboManager19FocusOnScoreManagerEP12ScoreManager","ComboManager::FocusOnScoreManager(ScoreManager*)","app","scoring","0.99","DER-NATIVE-001;DER-NATIVE-CORPUS-001"
"0x00142617","0x00142616","1","4","_ZN13BaseBirdLayer11GetGameModeEv","BaseBirdLayer::GetGameMode()","app","gameplay","0.99","DER-NATIVE-001;DER-NATIVE-CORPUS-001"
"0x0014261b","0x0014261a","1","4","_ZN13BaseBirdLayer17GetReplayInstanceEv","BaseBirdLayer::GetReplayInstance()","app","gameplay","0.99","DER-NATIVE-001;DER-NATIVE-CORPUS-001"
"0x0014257d","0x0014257c","1","76","_ZN13BaseBirdLayerC1Ev","BaseBirdLayer::BaseBirdLayer()","app","gameplay","0.99","DER-NATIVE-001;DER-NATIVE-CORPUS-001"
"0x001614d9","0x001614d8","1","6","_ZN12PhysicsLayer16StopPhysicsWorldEb","PhysicsLayer::StopPhysicsWorld(bool)","app","physics","0.99","DER-NATIVE-001;DER-NATIVE-CORPUS-001"
"0x00160fe5","0x00160fe4","1","432","_ZN17PhysicsBladeLayer12RayCastWorldEP5BladeN7cocos2d7CCPointES3_","PhysicsBladeLayer::RayCastWorld(Blade*, cocos2d::CCPoint, cocos2d::CCPoint)","app","physics","0.99","DER-NATIVE-001;DER-NATIVE-CORPUS-001"
"0x0014269d","0x0014269c","1","2","_ZN17BaseGameplayLayer8FruitCutEN7cocos2d7CCPointEii","BaseGameplayLayer::FruitCut(cocos2d::CCPoint, int, int)","app","entities","0.99","DER-NATIVE-001;DER-NATIVE-CORPUS-001"
"0x0014269f","0x0014269e","1","2","_ZN17BaseGameplayLayer9FruitFailEN7cocos2d7CCPointE","BaseGameplayLayer::FruitFail(cocos2d::CCPoint)","app","entities","0.99","DER-NATIVE-001;DER-NATIVE-CORPUS-001"
"0x001426a1","0x001426a0","1","2","_ZN17BaseGameplayLayer14BonusFruitFailEN7cocos2d7CCPointE","BaseGameplayLayer::BonusFruitFail(cocos2d::CCPoint)","app","entities","0.99","DER-NATIVE-001;DER-NATIVE-CORPUS-001"
"0x001426a3","0x001426a2","1","2","_ZN17BaseGameplayLayer7BombHitEv","BaseGameplayLayer::BombHit()","app","entities","0.99","DER-NATIVE-001;DER-NATIVE-CORPUS-001"
"0x001426a5","0x001426a4","1","2","_ZN17BaseGameplayLayer12AfterBombHitEv","BaseGameplayLayer::AfterBombHit()","app","entities","0.99","DER-NATIVE-001;DER-NATIVE-CORPUS-001"
"0x001426a7","0x001426a6","1","16","_ZN17BaseGameplayLayer19DragonFruitFinishedEi","BaseGameplayLayer::DragonFruitFinished(int)","app","entities","0.99","DER-NATIVE-001;DER-NATIVE-CORPUS-001"
"0x00142aed","0x00142aec","1","1784","_ZN17BaseGameplayLayer18InitPauseComponentEv","BaseGameplayLayer::InitPauseComponent()","app","gameplay","0.99","DER-NATIVE-001;DER-NATIVE-CORPUS-001"
"0x00143245","0x00143244","1","80","_ZN17BaseGameplayLayer13PauseCallbackEPN7cocos2d8CCObjectE","BaseGameplayLayer::PauseCallback(cocos2d::CCObject*)","app","gameplay","0.99","DER-NATIVE-001;DER-NATIVE-CORPUS-001"
"0x00142a89","0x00142a88","1","100","_ZN17BaseGameplayLayer14ResumeCallbackEPN7cocos2d8CCObjectE","BaseGameplayLayer::ResumeCallback(cocos2d::CCObject*)","app","gameplay","0.99","DER-NATIVE-001;DER-NATIVE-CORPUS-001"
"0x00142a0d","0x00142a0c","1","124","_ZN17BaseGameplayLayer14ReplayCallbackEPN7cocos2d8CCObjectE","BaseGameplayLayer::ReplayCallback(cocos2d::CCObject*)","app","gameplay","0.99","DER-NATIVE-001;DER-NATIVE-CORPUS-001"
"0x00142995","0x00142994","1","120","_ZN17BaseGameplayLayer12QuitCallbackEPN7cocos2d8CCObjectE","BaseGameplayLayer::QuitCallback(cocos2d::CCObject*)","app","gameplay","0.99","DER-NATIVE-001;DER-NATIVE-CORPUS-001"
"0x00142779","0x00142778","1","540","_ZN17BaseGameplayLayer13PauseInActionEv","BaseGameplayLayer::PauseInAction()","app","gameplay","0.99","DER-NATIVE-001;DER-NATIVE-CORPUS-001"
"0x001426c3","0x001426c2","1","180","_ZN17BaseGameplayLayer14PauseOutActionEv","BaseGameplayLayer::PauseOutAction()","app","gameplay","0.99","DER-NATIVE-001;DER-NATIVE-CORPUS-001"
"0x001426b7","0x001426b6","1","12","_ZN17BaseGameplayLayer15PauseInCallbackEv","BaseGameplayLayer::PauseInCallback()","app","gameplay","0.99","DER-NATIVE-001;DER-NATIVE-CORPUS-001"
"0x00142679","0x00142678","1","36","_ZN17BaseGameplayLayer16PauseOutCallbackEv","BaseGameplayLayer::PauseOutCallback()","app","gameplay","0.99","DER-NATIVE-001;DER-NATIVE-CORPUS-001"
"0x00162ac9","0x00162ac8","1","68","_ZN12ScoreManager8AddScoreEi","ScoreManager::AddScore(int)","app","scoring","0.99","DER-NATIVE-001;DER-NATIVE-CORPUS-001"
"0x00163f0d","0x00163f0c","1","44","_ZN8Settings18getObjectivesValueEi","Settings::getObjectivesValue(int)","app","progression","0.99","DER-NATIVE-001;DER-NATIVE-CORPUS-001"
"0x0015e8c1","0x0015e8c0","1","216","_ZN17ObjectivesManager21ExtraObjectivesStringEv","ObjectivesManager::ExtraObjectivesString()","app","progression","0.99","DER-NATIVE-001;DER-NATIVE-CORPUS-001"
"0x001612c1","0x001612c0","1","448","_ZN17PhysicsBladeLayer7onEnterEv","PhysicsBladeLayer::onEnter()","app","physics","0.99","DER-NATIVE-001;DER-NATIVE-CORPUS-001"
"0x00143294","0x00143294","0","20","_ZThn228_N17PhysicsBladeLayerD1Ev","non-virtual thunk to PhysicsBladeLayer::~PhysicsBladeLayer()","app","physics","0.99","DER-NATIVE-001;DER-NATIVE-CORPUS-001"
"0x001432a9","0x001432a8","1","116","_ZN17PhysicsBladeLayerD2Ev","PhysicsBladeLayer::~PhysicsBladeLayer()","app","physics","0.99","DER-NATIVE-001;DER-NATIVE-CORPUS-001"
"0x0014331c","0x0014331c","0","20","_ZThn228_N17PhysicsBladeLayerD0Ev","non-virtual thunk to PhysicsBladeLayer::~PhysicsBladeLayer()","app","physics","0.99","DER-NATIVE-001;DER-NATIVE-CORPUS-001"
"0x00143331","0x00143330","1","18","_ZN17PhysicsBladeLayerD0Ev","PhysicsBladeLayer::~PhysicsBladeLayer()","app","physics","0.99","DER-NATIVE-001;DER-NATIVE-CORPUS-001"
"0x001432a9","0x001432a8","1","116","_ZN17PhysicsBladeLayerD1Ev","PhysicsBladeLayer::~PhysicsBladeLayer()","app","physics","0.99","DER-NATIVE-001;DER-NATIVE-CORPUS-001"
"0x001604e1","0x001604e0","1","184","_ZN17PhysicsBladeLayerC2Ev","PhysicsBladeLayer::PhysicsBladeLayer()","app","physics","0.99","DER-NATIVE-001;DER-NATIVE-CORPUS-001"
"0x001433d9","0x001433d8","1","6","_ZN17BaseGameplayLayer11GetGameModeEv","BaseGameplayLayer::GetGameMode()","app","gameplay","0.99","DER-NATIVE-001;DER-NATIVE-CORPUS-001"
"0x001433df","0x001433de","1","4","_ZN17BaseGameplayLayer17GetReplayInstanceEv","BaseGameplayLayer::GetReplayInstance()","app","gameplay","0.99","DER-NATIVE-001;DER-NATIVE-CORPUS-001"
"0x00143345","0x00143344","1","148","_ZN17BaseGameplayLayerC1Ev","BaseGameplayLayer::BaseGameplayLayer()","app","gameplay","0.99","DER-NATIVE-001;DER-NATIVE-CORPUS-001"
"0x001603a5","0x001603a4","1","158","_ZN17PhysicsBladeLayer14ccTouchesBeganEPN7cocos2d5CCSetEPNS0_7CCEventE","PhysicsBladeLayer::ccTouchesBegan(cocos2d::CCSet*, cocos2d::CCEvent*)","app","physics","0.99","DER-NATIVE-001;DER-NATIVE-CORPUS-001"
"0x00160641","0x00160640","1","2308","_ZN17PhysicsBladeLayer14ccTouchesMovedEPN7cocos2d5CCSetEPNS0_7CCEventE","PhysicsBladeLayer::ccTouchesMoved(cocos2d::CCSet*, cocos2d::CCEvent*)","app","physics","0.99","DER-NATIVE-001;DER-NATIVE-CORPUS-001"
"0x001602d5","0x001602d4","1","186","_ZN17PhysicsBladeLayer14ccTouchesEndedEPN7cocos2d5CCSetEPNS0_7CCEventE","PhysicsBladeLayer::ccTouchesEnded(cocos2d::CCSet*, cocos2d::CCEvent*)","app","physics","0.99","DER-NATIVE-001;DER-NATIVE-CORPUS-001"
"0x00160390","0x00160390","0","20","_ZThn228_N17PhysicsBladeLayer14ccTouchesBeganEPN7cocos2d5CCSetEPNS0_7CCEventE","non-virtual thunk to PhysicsBladeLayer::ccTouchesBegan(cocos2d::CCSet*, cocos2d::CCEvent*)","app","physics","0.99","DER-NATIVE-001;DER-NATIVE-CORPUS-001"
"0x0016062c","0x0016062c","0","20","_ZThn228_N17PhysicsBladeLayer14ccTouchesMovedEPN7cocos2d5CCSetEPNS0_7CCEventE","non-virtual thunk to PhysicsBladeLayer::ccTouchesMoved(cocos2d::CCSet*, cocos2d::CCEvent*)","app","physics","0.99","DER-NATIVE-001;DER-NATIVE-CORPUS-001"
"0x001602c0","0x001602c0","0","20","_ZThn228_N17PhysicsBladeLayer14ccTouchesEndedEPN7cocos2d5CCSetEPNS0_7CCEventE","non-virtual thunk to PhysicsBladeLayer::ccTouchesEnded(cocos2d::CCSet*, cocos2d::CCEvent*)","app","physics","0.99","DER-NATIVE-001;DER-NATIVE-CORPUS-001"
"0x0014343d","0x0014343c","1","28","_ZN10BasicBlade18DisposeStateUpdateEv","BasicBlade::DisposeStateUpdate()","app","physics","0.99","DER-NATIVE-001;DER-NATIVE-CORPUS-001"
"0x00144b8b","0x00144b8a","1","16","_ZN5Blade18DisposeStateUpdateEv","Blade::DisposeStateUpdate()","app","physics","0.99","DER-NATIVE-001;DER-NATIVE-CORPUS-001"
"0x00143459","0x00143458","1","44","_ZN10BasicBlade7onEnterEv","BasicBlade::onEnter()","app","physics","0.99","DER-NATIVE-001;DER-NATIVE-CORPUS-001"
"0x00144c39","0x00144c38","1","54","_ZN5Blade7onEnterEv","Blade::onEnter()","app","physics","0.99","DER-NATIVE-001;DER-NATIVE-CORPUS-001"
"0x00143485","0x00143484","1","380","_ZN10BasicBlade4drawEv","BasicBlade::draw()","app","physics","0.99","DER-NATIVE-001;DER-NATIVE-CORPUS-001"
"0x00143601","0x00143600","1","44","_ZN5BladeD2Ev","Blade::~Blade()","app","physics","0.99","DER-NATIVE-001;DER-NATIVE-CORPUS-001"
"0x0014362d","0x0014362c","1","28","_ZN10BasicBladeD2Ev","BasicBlade::~BasicBlade()","app","physics","0.99","DER-NATIVE-001;DER-NATIVE-CORPUS-001"
"0x00143649","0x00143648","1","18","_ZN10BasicBladeD0Ev","BasicBlade::~BasicBlade()","app","physics","0.99","DER-NATIVE-001;DER-NATIVE-CORPUS-001"
"0x0014362d","0x0014362c","1","28","_ZN10BasicBladeD1Ev","BasicBlade::~BasicBlade()","app","physics","0.99","DER-NATIVE-001;DER-NATIVE-CORPUS-001"
"0x0014365b","0x0014365a","1","18","_ZN5BladeD0Ev","Blade::~Blade()","app","physics","0.99","DER-NATIVE-001;DER-NATIVE-CORPUS-001"
"0x00143601","0x00143600","1","44","_ZN5BladeD1Ev","Blade::~Blade()","app","physics","0.99","DER-NATIVE-001;DER-NATIVE-CORPUS-001"
"0x0014366d","0x0014366c","1","72","_ZN10BasicBladeC2EPKc","BasicBlade::BasicBlade(char const*)","app","physics","0.99","DER-NATIVE-001;DER-NATIVE-CORPUS-001"
"0x00144dd5","0x00144dd4","1","136","_ZN5BladeC2Ev","Blade::Blade()","app","physics","0.99","DER-NATIVE-001;DER-NATIVE-CORPUS-001"
"0x001436b5","0x001436b4","1","132","_ZN10BasicBlade11updateColorEv","BasicBlade::updateColor()","app","physics","0.99","DER-NATIVE-001;DER-NATIVE-CORPUS-001"
"0x00143739","0x00143738","1","48","_ZN10BasicBlade20getDefaultBladeWidthEv","BasicBlade::getDefaultBladeWidth()","app","physics","0.99","DER-NATIVE-001;DER-NATIVE-CORPUS-001"
"0x00143769","0x00143768","1","20","_ZN10BasicBlade6SetNewEv","BasicBlade::SetNew()","app","physics","0.99","DER-NATIVE-001;DER-NATIVE-CORPUS-001"
"0x00144b9d","0x00144b9c","1","22","_ZN5Blade6SetNewEv","Blade::SetNew()","app","physics","0.99","DER-NATIVE-001;DER-NATIVE-CORPUS-001"
"0x0014377d","0x0014377c","1","162","_ZN10BasicBlade26textureCoordFromAlphaPointEN7cocos2d7CCPointE","BasicBlade::textureCoordFromAlphaPoint(cocos2d::CCPoint)","app","physics","0.99","DER-NATIVE-001;DER-NATIVE-CORPUS-001"
"0x0014381f","0x0014381e","1","70","_ZN10BasicBlade26InitializeWithMaximumPointEi","BasicBlade::InitializeWithMaximumPoint(int)","app","physics","0.99","DER-NATIVE-001;DER-NATIVE-CORPUS-001"
"0x00144b75","0x00144b74","1","6","_ZN5Blade26InitializeWithMaximumPointEi","Blade::InitializeWithMaximumPoint(int)","app","physics","0.99","DER-NATIVE-001;DER-NATIVE-CORPUS-001"
"0x00143865","0x00143864","1","136","_ZN10BasicBlade20vertexFromAlphaPointEN7cocos2d7CCPointE","BasicBlade::vertexFromAlphaPoint(cocos2d::CCPoint)","app","physics","0.99","DER-NATIVE-001;DER-NATIVE-CORPUS-001"
"0x001438ed","0x001438ec","1","130","_ZN10BasicBlade13RotateByAngleEN7cocos2d7CCPointES1_f","BasicBlade::RotateByAngle(cocos2d::CCPoint, cocos2d::CCPoint, float)","app","physics","0.99","DER-NATIVE-001;DER-NATIVE-CORPUS-001"
"0x00143971","0x00143970","1","172","_ZN10BasicBlade6fAngleEN7cocos2d7CCPointE","BasicBlade::fAngle(cocos2d::CCPoint)","app","physics","0.99","DER-NATIVE-001;DER-NATIVE-CORPUS-001"
"0x00143a21","0x00143a20","1","158","_ZN10BasicBlade2f1EN7cocos2d7CCPointES1_fRS1_S2_","BasicBlade::f1(cocos2d::CCPoint, cocos2d::CCPoint, float, cocos2d::CCPoint&, cocos2d::CCPoint&)","app","physics","0.99","DER-NATIVE-001;DER-NATIVE-CORPUS-001"
"0x00143ae1","0x00143ae0","1","648","_ZN10BasicBlade19OnPathMemberChangedEv","BasicBlade::OnPathMemberChanged()","app","physics","0.99","DER-NATIVE-001;DER-NATIVE-CORPUS-001"
"0x0014366d","0x0014366c","1","72","_ZN10BasicBladeC1EPKc","BasicBlade::BasicBlade(char const*)","app","physics","0.99","DER-NATIVE-001;DER-NATIVE-CORPUS-001"
"0x00144c6f","0x00144c6e","1","92","_ZN5Blade6updateEf","Blade::update(float)","app","physics","0.99","DER-NATIVE-001;DER-NATIVE-CORPUS-001"
"0x00144b7b","0x00144b7a","1","16","_ZN5Blade16OnOverPointLimitEv","Blade::OnOverPointLimit()","app","physics","0.99","DER-NATIVE-001;DER-NATIVE-CORPUS-001"
"0x00144f75","0x00144f74","1","122","_ZN5Blade4PushEN7cocos2d7CCPointE","Blade::Push(cocos2d::CCPoint)","app","physics","0.99","DER-NATIVE-001;DER-NATIVE-CORPUS-001"
"0x00144bc3","0x00144bc2","1","118","_ZN5Blade3PopEi","Blade::Pop(int)","app","physics","0.99","DER-NATIVE-001;DER-NATIVE-CORPUS-001"
"0x00144bb3","0x00144bb2","1","8","_ZN5Blade5BlockEv","Blade::Block()","app","physics","0.99","DER-NATIVE-001;DER-NATIVE-CORPUS-001"
"0x00144bbb","0x00144bba","1","8","_ZN5Blade17SetToDisposeStateEv","Blade::SetToDisposeState()","app","physics","0.99","DER-NATIVE-001;DER-NATIVE-CORPUS-001"
"0x00144271","0x00144270","1","516","_ZN9BirdBlade7onEnterEv","BirdBlade::onEnter()","app","physics","0.99","DER-NATIVE-001;DER-NATIVE-CORPUS-001"
"0x00144475","0x00144474","1","28","_ZN9BirdBladeD2Ev","BirdBlade::~BirdBlade()","app","physics","0.99","DER-NATIVE-001;DER-NATIVE-CORPUS-001"
"0x00144491","0x00144490","1","18","_ZN9BirdBladeD0Ev","BirdBlade::~BirdBlade()","app","physics","0.99","DER-NATIVE-001;DER-NATIVE-CORPUS-001"
"0x00144475","0x00144474","1","28","_ZN9BirdBladeD1Ev","BirdBlade::~BirdBlade()","app","physics","0.99","DER-NATIVE-001;DER-NATIVE-CORPUS-001"
"0x001444a5","0x001444a4","1","116","_ZN9BirdBladeC2EPKci","BirdBlade::BirdBlade(char const*, int)","app","physics","0.99","DER-NATIVE-001;DER-NATIVE-CORPUS-001"
"0x00144519","0x00144518","1","172","_ZN9BirdBlade6fAngleEN7cocos2d7CCPointE","BirdBlade::fAngle(cocos2d::CCPoint)","app","physics","0.99","DER-NATIVE-001;DER-NATIVE-CORPUS-001"
"0x001446c5","0x001446c4","1","66","_ZN9BirdBlade12LenghtVectorEN7cocos2d7CCPointES1_","BirdBlade::LenghtVector(cocos2d::CCPoint, cocos2d::CCPoint)","app","physics","0.99","DER-NATIVE-001;DER-NATIVE-CORPUS-001"
"0x00144709","0x00144708","1","976","_ZN9BirdBlade6updateEf","BirdBlade::update(float)","app","physics","0.99","DER-NATIVE-001;DER-NATIVE-CORPUS-001"
"0x001600cd","0x001600cc","1","100","_ZN14ParticleObjectC1EPKcf","ParticleObject::ParticleObject(char const*, float)","app","unclassified","0.99","DER-NATIVE-001;DER-NATIVE-CORPUS-001"
"0x00160255","0x00160254","1","6","_ZN14ParticleObject14EnableRotationEb","ParticleObject::EnableRotation(bool)","app","unclassified","0.99","DER-NATIVE-001;DER-NATIVE-CORPUS-001"
"0x00160233","0x00160232","1","6","_ZN14ParticleObject14EnableScaleOutEb","ParticleObject::EnableScaleOut(bool)","app","unclassified","0.99","DER-NATIVE-001;DER-NATIVE-CORPUS-001"
"0x00160239","0x00160238","1","6","_ZN14ParticleObject13EnableFadeOutEb","ParticleObject::EnableFadeOut(bool)","app","unclassified","0.99","DER-NATIVE-001;DER-NATIVE-CORPUS-001"
"0x001601cd","0x001601cc","1","22","_ZN14ParticleObject15RandomPositionXEii","ParticleObject::RandomPositionX(int, int)","app","unclassified","0.99","DER-NATIVE-001;DER-NATIVE-CORPUS-001"
"0x001601e3","0x001601e2","1","22","_ZN14ParticleObject15RandomPositionYEii","ParticleObject::RandomPositionY(int, int)","app","unclassified","0.99","DER-NATIVE-001;DER-NATIVE-CORPUS-001"
"0x0016017f","0x0016017e","1","78","_ZN14ParticleObject18RandomPositionDataEii","ParticleObject::RandomPositionData(int, int)","app","unclassified","0.99","DER-NATIVE-001;DER-NATIVE-CORPUS-001"
"0x00144ad9","0x00144ad8","1","46","_ZN9BirdBlade12LenghtVectorEN7cocos2d7CCPointE","BirdBlade::LenghtVector(cocos2d::CCPoint)","app","physics","0.99","DER-NATIVE-001;DER-NATIVE-CORPUS-001"
"0x00144b9b","0x00144b9a","1","2","_ZN5Blade19OnPathMemberChangedEv","Blade::OnPathMemberChanged()","app","physics","0.99","DER-NATIVE-001;DER-NATIVE-CORPUS-001"
"0x0014a095","0x0014a094","1","56","_ZN12ComboManagerC1Ev","ComboManager::ComboManager()","app","scoring","0.99","DER-NATIVE-001;DER-NATIVE-CORPUS-001"
"0x00144ccb","0x00144cca","1","6","_ZN5Blade5getIDEv","Blade::getID()","app","physics","0.99","DER-NATIVE-001;DER-NATIVE-CORPUS-001"
"0x00144cd1","0x00144cd0","1","6","_ZN5Blade5setIDEi","Blade::setID(int)","app","physics","0.99","DER-NATIVE-001;DER-NATIVE-CORPUS-001"
"0x00144cd7","0x00144cd6","1","6","_ZN5Blade8getStateEv","Blade::getState()","app","physics","0.99","DER-NATIVE-001;DER-NATIVE-CORPUS-001"
"0x00144cdd","0x00144cdc","1","6","_ZN5Blade8setStateEi","Blade::setState(int)","app","physics","0.99","DER-NATIVE-001;DER-NATIVE-CORPUS-001"
"0x00144ce3","0x00144ce2","1","10","_ZN5Blade12setPrevPointEN7cocos2d7CCPointE","Blade::setPrevPoint(cocos2d::CCPoint)","app","physics","0.99","DER-NATIVE-001;DER-NATIVE-CORPUS-001"
"0x00144ced","0x00144cec","1","14","_ZN5Blade12getPrevPointEv","Blade::getPrevPoint()","app","physics","0.99","DER-NATIVE-001;DER-NATIVE-CORPUS-001"
"0x00144cfb","0x00144cfa","1","10","_ZN5Blade12setCurrPointEN7cocos2d7CCPointE","Blade::setCurrPoint(cocos2d::CCPoint)","app","physics","0.99","DER-NATIVE-001;DER-NATIVE-CORPUS-001"
"0x00144d05","0x00144d04","1","14","_ZN5Blade12getCurrPointEv","Blade::getCurrPoint()","app","physics","0.99","DER-NATIVE-001;DER-NATIVE-CORPUS-001"
"0x00144d13","0x00144d12","1","6","_ZN5Blade8setLimitEi","Blade::setLimit(int)","app","physics","0.99","DER-NATIVE-001;DER-NATIVE-CORPUS-001"
"0x00144dd5","0x00144dd4","1","136","_ZN5BladeC1Ev","Blade::Blade()","app","physics","0.99","DER-NATIVE-001;DER-NATIVE-CORPUS-001"
"0x001454f5","0x001454f4","1","44","_ZN4Bomb7DisposeEv","Bomb::Dispose()","app","entities","0.99","DER-NATIVE-001;DER-NATIVE-CORPUS-001"
"0x00145521","0x00145520","1","22","_ZN4Bomb24ExploseAnimationCallbackEPN7cocos2d8CCObjectE","Bomb::ExploseAnimationCallback(cocos2d::CCObject*)","app","entities","0.99","DER-NATIVE-001;DER-NATIVE-CORPUS-001"
"0x00145539","0x00145538","1","104","_ZN4Bomb7onEnterEv","Bomb::onEnter()","app","entities","0.99","DER-NATIVE-001;DER-NATIVE-CORPUS-001"
"0x001455f1","0x001455f0","1","72","_ZN9CutObjectD2Ev","CutObject::~CutObject()","app","unclassified","0.99","DER-NATIVE-001;DER-NATIVE-CORPUS-001"
"0x00145639","0x00145638","1","28","_ZN4BombD2Ev","Bomb::~Bomb()","app","entities","0.99","DER-NATIVE-001;DER-NATIVE-CORPUS-001"
"0x00145655","0x00145654","1","18","_ZN4BombD0Ev","Bomb::~Bomb()","app","entities","0.99","DER-NATIVE-001;DER-NATIVE-CORPUS-001"
"0x00145639","0x00145638","1","28","_ZN4BombD1Ev","Bomb::~Bomb()","app","entities","0.99","DER-NATIVE-001;DER-NATIVE-CORPUS-001"
"0x00145667","0x00145666","1","18","_ZN9CutObjectD0Ev","CutObject::~CutObject()","app","unclassified","0.99","DER-NATIVE-001;DER-NATIVE-CORPUS-001"
"0x001455f1","0x001455f0","1","72","_ZN9CutObjectD1Ev","CutObject::~CutObject()","app","unclassified","0.99","DER-NATIVE-001;DER-NATIVE-CORPUS-001"
"0x00145679","0x00145678","1","60","_ZN4BombC2Ev","Bomb::Bomb()","app","entities","0.99","DER-NATIVE-001;DER-NATIVE-CORPUS-001"
"0x0014c849","0x0014c848","1","56","_ZN9CutObjectC2Ev","CutObject::CutObject()","app","unclassified","0.99","DER-NATIVE-001;DER-NATIVE-CORPUS-001"
"0x001456b5","0x001456b4","1","6","_ZN4Bomb5setIDEi","Bomb::setID(int)","app","entities","0.99","DER-NATIVE-001;DER-NATIVE-CORPUS-001"
"0x001456bb","0x001456ba","1","6","_ZN4Bomb5getIDEv","Bomb::getID()","app","entities","0.99","DER-NATIVE-001;DER-NATIVE-CORPUS-001"
"0x001456c1","0x001456c0","1","336","_ZN4Bomb6createEP7b2Worldi","Bomb::create(b2World*, int)","app","entities","0.99","DER-NATIVE-001;DER-NATIVE-CORPUS-001"
"0x00145679","0x00145678","1","60","_ZN4BombC1Ev","Bomb::Bomb()","app","entities","0.99","DER-NATIVE-001;DER-NATIVE-CORPUS-001"
"0x00145811","0x00145810","1","84","_ZN4Bomb9ExplosionEv","Bomb::Explosion()","app","entities","0.99","DER-NATIVE-001;DER-NATIVE-CORPUS-001"
"0x00145865","0x00145864","1","136","_ZN4Bomb3CutEN7cocos2d7CCPointES1_","Bomb::Cut(cocos2d::CCPoint, cocos2d::CCPoint)","app","entities","0.99","DER-NATIVE-001;DER-NATIVE-CORPUS-001"
"0x001458ed","0x001458ec","1","104","_ZN4Bomb11HitElectricEv","Bomb::HitElectric()","app","entities","0.99","DER-NATIVE-001;DER-NATIVE-CORPUS-001"
"0x00145955","0x00145954","1","88","_ZN4Bomb6RotateEfN7cocos2d7CCPointE","Bomb::Rotate(float, cocos2d::CCPoint)","app","entities","0.99","DER-NATIVE-001;DER-NATIVE-CORPUS-001"
"0x001459ad","0x001459ac","1","216","_ZN4Bomb6updateEf","Bomb::update(float)","app","entities","0.99","DER-NATIVE-001;DER-NATIVE-CORPUS-001"
"0x0014c739","0x0014c738","1","272","_ZN9CutObject6updateEf","CutObject::update(float)","app","unclassified","0.99","DER-NATIVE-001;DER-NATIVE-CORPUS-001"
"0x0014c209","0x0014c208","1","66","_ZN9CutObject15CutNotificationEv","CutObject::CutNotification()","app","unclassified","0.99","DER-NATIVE-001;DER-NATIVE-CORPUS-001"
"0x0014c24b","0x0014c24a","1","2","_ZN9CutObject16FailNotifycationEv","CutObject::FailNotifycation()","app","unclassified","0.99","DER-NATIVE-001;DER-NATIVE-CORPUS-001"
"0x0014ca89","0x0014ca88","1","86","_ZN9CutObject16RegisterCutEventEPN7cocos2d8CCObjectEMS1_FvS2_E","CutObject::RegisterCutEvent(cocos2d::CCObject*, void (cocos2d::CCObject::*)(cocos2d::CCObject*))","app","unclassified","0.99","DER-NATIVE-001;DER-NATIVE-CORPUS-001"
"0x0014c5bd","0x0014c5bc","1","380","_ZN9CutObject12UpRandomDataEv","CutObject::UpRandomData()","app","unclassified","0.99","DER-NATIVE-001;DER-NATIVE-CORPUS-001"
"0x0014c509","0x0014c508","1","180","_ZN9CutObject14DownRandomDataEv","CutObject::DownRandomData()","app","unclassified","0.99","DER-NATIVE-001;DER-NATIVE-CORPUS-001"
"0x0014c3b5","0x0014c3b4","1","340","_ZN9CutObject14LeftRandomDataEv","CutObject::LeftRandomData()","app","unclassified","0.99","DER-NATIVE-001;DER-NATIVE-CORPUS-001"
"0x0014c265","0x0014c264","1","336","_ZN9CutObject15RightRandomDataEv","CutObject::RightRandomData()","app","unclassified","0.99","DER-NATIVE-001;DER-NATIVE-CORPUS-001"
"0x0014c25b","0x0014c25a","1","4","_ZN9CutObject7IsFruitEv","CutObject::IsFruit()","app","entities","0.99","DER-NATIVE-001;DER-NATIVE-CORPUS-001"
"0x0014c25f","0x0014c25e","1","6","_ZN9CutObject10DisableCutEb","CutObject::DisableCut(bool)","app","unclassified","0.99","DER-NATIVE-001;DER-NATIVE-CORPUS-001"
"0x00145c25","0x00145c24","1","204","_ZN12BombElectric15TurnOffElectricEv","BombElectric::TurnOffElectric()","app","entities","0.99","DER-NATIVE-001;DER-NATIVE-CORPUS-001"
"0x00145cf1","0x00145cf0","1","436","_ZN12BombElectric14TurnOnElectricEv","BombElectric::TurnOnElectric()","app","entities","0.99","DER-NATIVE-001;DER-NATIVE-CORPUS-001"
"0x00145ea5","0x00145ea4","1","488","_ZN12BombElectric7onEnterEv","BombElectric::onEnter()","app","entities","0.99","DER-NATIVE-001;DER-NATIVE-CORPUS-001"
"0x0014608d","0x0014608c","1","44","_ZN12BombElectricD2Ev","BombElectric::~BombElectric()","app","entities","0.99","DER-NATIVE-001;DER-NATIVE-CORPUS-001"
"0x001460b9","0x001460b8","1","18","_ZN12BombElectricD0Ev","BombElectric::~BombElectric()","app","entities","0.99","DER-NATIVE-001;DER-NATIVE-CORPUS-001"
"0x0014608d","0x0014608c","1","44","_ZN12BombElectricD1Ev","BombElectric::~BombElectric()","app","entities","0.99","DER-NATIVE-001;DER-NATIVE-CORPUS-001"
"0x001460cd","0x001460cc","1","52","_ZN12BombElectricC2Ev","BombElectric::BombElectric()","app","entities","0.99","DER-NATIVE-001;DER-NATIVE-CORPUS-001"
"0x00146101","0x00146100","1","6","_ZN12BombElectric15setPhysicsWorldEP7b2World","BombElectric::setPhysicsWorld(b2World*)","app","entities","0.99","DER-NATIVE-001;DER-NATIVE-CORPUS-001"
"0x00146109","0x00146108","1","56","_ZN12BombElectric6createEP7b2World","BombElectric::create(b2World*)","app","entities","0.99","DER-NATIVE-001;DER-NATIVE-CORPUS-001"
"0x001460cd","0x001460cc","1","52","_ZN12BombElectricC1Ev","BombElectric::BombElectric()","app","entities","0.99","DER-NATIVE-001;DER-NATIVE-CORPUS-001"
"0x00146141","0x00146140","1","424","_ZN12BombElectric5StartEv","BombElectric::Start()","app","entities","0.99","DER-NATIVE-001;DER-NATIVE-CORPUS-001"
"0x001462e9","0x001462e8","1","18","_ZN12BombElectric4StopEv","BombElectric::Stop()","app","entities","0.99","DER-NATIVE-001;DER-NATIVE-CORPUS-001"
"0x001469d9","0x001469d8","1","44","_ZN8TossTurnD2Ev","TossTurn::~TossTurn()","app","gameplay","0.99","DER-NATIVE-001;DER-NATIVE-CORPUS-001"
"0x00146a05","0x00146a04","1","44","_ZN9BonusTossD2Ev","BonusToss::~BonusToss()","app","gameplay","0.99","DER-NATIVE-001;DER-NATIVE-CORPUS-001"
"0x00146a31","0x00146a30","1","18","_ZN9BonusTossD0Ev","BonusToss::~BonusToss()","app","gameplay","0.99","DER-NATIVE-001;DER-NATIVE-CORPUS-001"
"0x00146a05","0x00146a04","1","44","_ZN9BonusTossD1Ev","BonusToss::~BonusToss()","app","gameplay","0.99","DER-NATIVE-001;DER-NATIVE-CORPUS-001"
"0x00146a43","0x00146a42","1","18","_ZN8TossTurnD0Ev","TossTurn::~TossTurn()","app","gameplay","0.99","DER-NATIVE-001;DER-NATIVE-CORPUS-001"
"0x001469d9","0x001469d8","1","44","_ZN8TossTurnD1Ev","TossTurn::~TossTurn()","app","gameplay","0.99","DER-NATIVE-001;DER-NATIVE-CORPUS-001"
"0x00146a55","0x00146a54","1","48","_ZN9BonusToss11IsBonusFullEv","BonusToss::IsBonusFull()","app","gameplay","0.99","DER-NATIVE-001;DER-NATIVE-CORPUS-001"
"0x00146a85","0x00146a84","1","52","_ZN9BonusToss14CanCreateBonusEi","BonusToss::CanCreateBonus(int)","app","gameplay","0.99","DER-NATIVE-001;DER-NATIVE-CORPUS-001"
"0x00146ab9","0x00146ab8","1","152","_ZN9BonusToss10OnTossTurnEv","BonusToss::OnTossTurn()","app","gameplay","0.99","DER-NATIVE-001;DER-NATIVE-CORPUS-001"
"0x001500b5","0x001500b4","1","620","_ZN5Fruit6createEP7b2Worldi","Fruit::create(b2World*, int)","app","entities","0.99","DER-NATIVE-001;DER-NATIVE-CORPUS-001"
"0x001500a9","0x001500a8","1","6","_ZN5Fruit5getIDEv","Fruit::getID()","app","entities","0.99","DER-NATIVE-001;DER-NATIVE-CORPUS-001"
"0x00165229","0x00165228","1","72","_ZN8TossTurn13PlayTossSoundEv","TossTurn::PlayTossSound()","app","gameplay","0.99","DER-NATIVE-001;DER-NATIVE-CORPUS-001"
"0x00146c6d","0x00146c6c","1","104","_ZN9BonusTossC2Ev","BonusToss::BonusToss()","app","gameplay","0.99","DER-NATIVE-001;DER-NATIVE-CORPUS-001"
"0x00165271","0x00165270","1","192","_ZN8TossTurnC2Ev","TossTurn::TossTurn()","app","gameplay","0.99","DER-NATIVE-001;DER-NATIVE-CORPUS-001"
"0x00146cd5","0x00146cd4","1","90","_ZN9BonusToss6createEP7b2Worldiiff","BonusToss::create(b2World*, int, int, float, float)","app","gameplay","0.99","DER-NATIVE-001;DER-NATIVE-CORPUS-001"
"0x00146c6d","0x00146c6c","1","104","_ZN9BonusTossC1Ev","BonusToss::BonusToss()","app","gameplay","0.99","DER-NATIVE-001;DER-NATIVE-CORPUS-001"
"0x00165171","0x00165170","1","6","_ZN8TossTurn8setWorldEP7b2World","TossTurn::setWorld(b2World*)","app","gameplay","0.99","DER-NATIVE-001;DER-NATIVE-CORPUS-001"
"0x00165189","0x00165188","1","6","_ZN8TossTurn12setDirectionEi","TossTurn::setDirection(int)","app","gameplay","0.99","DER-NATIVE-001;DER-NATIVE-CORPUS-001"
"0x0016517d","0x0016517c","1","6","_ZN8TossTurn7setTypeEi","TossTurn::setType(int)","app","gameplay","0.99","DER-NATIVE-001;DER-NATIVE-CORPUS-001"
"0x001651e7","0x001651e6","1","64","_ZN8TossTurn6updateEf","TossTurn::update(float)","app","gameplay","0.99","DER-NATIVE-001;DER-NATIVE-CORPUS-001"
"0x0016513d","0x0016513c","1","8","_ZN8TossTurn7onEnterEv","TossTurn::onEnter()","app","gameplay","0.99","DER-NATIVE-001;DER-NATIVE-CORPUS-001"
"0x001651d3","0x001651d2","1","20","_ZN8TossTurn5StartEv","TossTurn::Start()","app","gameplay","0.99","DER-NATIVE-001;DER-NATIVE-CORPUS-001"
"0x0016512d","0x0016512c","1","8","_ZN8TossTurn5PauseEv","TossTurn::Pause()","app","gameplay","0.99","DER-NATIVE-001;DER-NATIVE-CORPUS-001"
"0x00165135","0x00165134","1","8","_ZN8TossTurn6ResumeEv","TossTurn::Resume()","app","gameplay","0.99","DER-NATIVE-001;DER-NATIVE-CORPUS-001"
"0x00165125","0x00165124","1","8","_ZN8TossTurn4StopEv","TossTurn::Stop()","app","gameplay","0.99","DER-NATIVE-001;DER-NATIVE-CORPUS-001"
"0x001650a1","0x001650a0","1","2","_ZN8TossTurn7RestartEv","TossTurn::Restart()","app","gameplay","0.99","DER-NATIVE-001;DER-NATIVE-CORPUS-001"
"0x00165145","0x00165144","1","44","_ZN8TossTurn20RandomTossObjectDataEP9CutObject","TossTurn::RandomTossObjectData(CutObject*)","app","gameplay","0.99","DER-NATIVE-001;DER-NATIVE-CORPUS-001"
"0x001650a5","0x001650a4","1","128","_ZN8TossTurn16GetNewTossObjectEv","TossTurn::GetNewTossObject()","app","gameplay","0.99","DER-NATIVE-001;DER-NATIVE-CORPUS-001"
"0x00147341","0x00147340","1","16","_ZN14CentipedeBlade16OnOverPointLimitEv","CentipedeBlade::OnOverPointLimit()","app","physics","0.99","DER-NATIVE-001;DER-NATIVE-CORPUS-001"
"0x00147351","0x00147350","1","32","_ZN14CentipedeBlade18DisposeStateUpdateEv","CentipedeBlade::DisposeStateUpdate()","app","physics","0.99","DER-NATIVE-001;DER-NATIVE-CORPUS-001"
"0x00147371","0x00147370","1","32","_ZN14CentipedeBlade17SetToDisposeStateEv","CentipedeBlade::SetToDisposeState()","app","physics","0.99","DER-NATIVE-001;DER-NATIVE-CORPUS-001"
"0x00147391","0x00147390","1","16","_ZN14CentipedeBlade26InitializeWithMaximumPointEi","CentipedeBlade::InitializeWithMaximumPoint(int)","app","physics","0.99","DER-NATIVE-001;DER-NATIVE-CORPUS-001"
"0x001473a1","0x001473a0","1","76","_ZN14CentipedeBlade6updateEf","CentipedeBlade::update(float)","app","physics","0.99","DER-NATIVE-001;DER-NATIVE-CORPUS-001"
"0x001473ed","0x001473ec","1","72","_ZN14CentipedeBladeD2Ev","CentipedeBlade::~CentipedeBlade()","app","physics","0.99","DER-NATIVE-001;DER-NATIVE-CORPUS-001"
"0x00147435","0x00147434","1","18","_ZN14CentipedeBladeD0Ev","CentipedeBlade::~CentipedeBlade()","app","physics","0.99","DER-NATIVE-001;DER-NATIVE-CORPUS-001"
"0x001473ed","0x001473ec","1","72","_ZN14CentipedeBladeD1Ev","CentipedeBlade::~CentipedeBlade()","app","physics","0.99","DER-NATIVE-001;DER-NATIVE-CORPUS-001"
"0x00147449","0x00147448","1","172","_ZN14CentipedeBlade6fAngleEN7cocos2d7CCPointE","CentipedeBlade::fAngle(cocos2d::CCPoint)","app","physics","0.99","DER-NATIVE-001;DER-NATIVE-CORPUS-001"
"0x001474f9","0x001474f8","1","56","_ZN14CentipedeBlade8MidPointEN7cocos2d7CCPointES1_","CentipedeBlade::MidPoint(cocos2d::CCPoint, cocos2d::CCPoint)","app","physics","0.99","DER-NATIVE-001;DER-NATIVE-CORPUS-001"
"0x00147531","0x00147530","1","44","_ZN14CentipedeBlade4FSinEf","CentipedeBlade::FSin(float)","app","physics","0.99","DER-NATIVE-001;DER-NATIVE-CORPUS-001"
"0x00147561","0x00147560","1","66","_ZN14CentipedeBlade12LenghtVectorEN7cocos2d7CCPointES1_","CentipedeBlade::LenghtVector(cocos2d::CCPoint, cocos2d::CCPoint)","app","physics","0.99","DER-NATIVE-001;DER-NATIVE-CORPUS-001"
"0x001475a3","0x001475a2","1","46","_ZN14CentipedeBlade12LenghtVectorEN7cocos2d7CCPointE","CentipedeBlade::LenghtVector(cocos2d::CCPoint)","app","physics","0.99","DER-NATIVE-001;DER-NATIVE-CORPUS-001"
"0x001475f1","0x001475f0","1","74","_ZN14CentipedeBlade6SetNewEv","CentipedeBlade::SetNew()","app","physics","0.99","DER-NATIVE-001;DER-NATIVE-CORPUS-001"
"0x00147735","0x00147734","1","316","_ZN14CentipedeBladeC2Ev","CentipedeBlade::CentipedeBlade()","app","physics","0.99","DER-NATIVE-001;DER-NATIVE-CORPUS-001"
"0x00147871","0x00147870","1","1112","_ZN14CentipedeBlade4drawEv","CentipedeBlade::draw()","app","physics","0.99","DER-NATIVE-001;DER-NATIVE-CORPUS-001"
"0x00147cc9","0x00147cc8","1","400","_ZN14CentipedeBlade4PushEN7cocos2d7CCPointE","CentipedeBlade::Push(cocos2d::CCPoint)","app","physics","0.99","DER-NATIVE-001;DER-NATIVE-CORPUS-001"
"0x00147735","0x00147734","1","316","_ZN14CentipedeBladeC1Ev","CentipedeBlade::CentipedeBlade()","app","physics","0.99","DER-NATIVE-001;DER-NATIVE-CORPUS-001"
"0x00147eb1","0x00147eb0","1","96","_ZN16ClassicBirdLayer19MagnetBeginCallbackEPN7cocos2d8CCObjectE","ClassicBirdLayer::MagnetBeginCallback(cocos2d::CCObject*)","app","gameplay","0.99","DER-NATIVE-001;DER-NATIVE-CORPUS-001"
"0x00147f11","0x00147f10","1","96","_ZN16ClassicBirdLayer17MagnetEndCallbackEPN7cocos2d8CCObjectE","ClassicBirdLayer::MagnetEndCallback(cocos2d::CCObject*)","app","gameplay","0.99","DER-NATIVE-001;DER-NATIVE-CORPUS-001"
"0x00147f71","0x00147f70","1","4","_ZN16ClassicBirdLayer11GetGameModeEv","ClassicBirdLayer::GetGameMode()","app","gameplay","0.99","DER-NATIVE-001;DER-NATIVE-CORPUS-001"
"0x00147f75","0x00147f74","1","124","_ZN16ClassicBirdLayer17StartGameCallbackEv","ClassicBirdLayer::StartGameCallback()","app","gameplay","0.99","DER-NATIVE-001;DER-NATIVE-CORPUS-001"
"0x00161195","0x00161194","1","8","_ZN17PhysicsBladeLayer10DisableCutEb","PhysicsBladeLayer::DisableCut(bool)","app","physics","0.99","DER-NATIVE-001;DER-NATIVE-CORPUS-001"
"0x00147ff1","0x00147ff0","1","116","_ZN16ClassicBirdLayer20DisplayScoreCallbackEv","ClassicBirdLayer::DisplayScoreCallback()","app","gameplay","0.99","DER-NATIVE-001;DER-NATIVE-CORPUS-001"
"0x00162915","0x00162914","1","6","_ZN12ScoreManager12getBestScoreEv","ScoreManager::getBestScore()","app","scoring","0.99","DER-NATIVE-001;DER-NATIVE-CORPUS-001"
"0x00148065","0x00148064","1","148","_ZN16ClassicBirdLayer7BombHitEv","ClassicBirdLayer::BombHit()","app","entities","0.99","DER-NATIVE-001;DER-NATIVE-CORPUS-001"
"0x001480f9","0x001480f8","1","24","_ZN16ClassicBirdLayer9FruitFailEN7cocos2d7CCPointE","ClassicBirdLayer::FruitFail(cocos2d::CCPoint)","app","entities","0.99","DER-NATIVE-001;DER-NATIVE-CORPUS-001"
"0x00151185","0x00151184","1","264","_ZN16FruitFailManager18FruiFailAtPositionEN7cocos2d7CCPointE","FruitFailManager::FruiFailAtPosition(cocos2d::CCPoint)","app","scoring","0.99","DER-NATIVE-001;DER-NATIVE-CORPUS-001"
"0x00148111","0x00148110","1","1088","_ZN16ClassicBirdLayer7onEnterEv","ClassicBirdLayer::onEnter()","app","gameplay","0.99","DER-NATIVE-001;DER-NATIVE-CORPUS-001"
"0x001616a9","0x001616a8","1","6","_ZN12PhysicsLayer15getPhysicsWorldEv","PhysicsLayer::getPhysicsWorld()","app","physics","0.99","DER-NATIVE-001;DER-NATIVE-CORPUS-001"
"0x0014fe9d","0x0014fe9c","1","90","_ZN8FreeToss6createEP7b2Worldiiff","FreeToss::create(b2World*, int, int, float, float)","app","gameplay","0.99","DER-NATIVE-001;DER-NATIVE-CORPUS-001"
"0x0014a2f5","0x0014a2f4","1","102","_ZN14ConcurrentToss6createEP7b2Worldiiffii","ConcurrentToss::create(b2World*, int, int, float, float, int, int)","app","gameplay","0.99","DER-NATIVE-001;DER-NATIVE-CORPUS-001"
"0x001659a5","0x001659a4","1","102","_ZN8WaveToss6createEP7b2Worldiiffff","WaveToss::create(b2World*, int, int, float, float, float, float)","app","gameplay","0.99","DER-NATIVE-001;DER-NATIVE-CORPUS-001"
"0x00151155","0x00151154","1","48","_ZN16FruitFailManagerC1Ev","FruitFailManager::FruitFailManager()","app","scoring","0.99","DER-NATIVE-001;DER-NATIVE-CORPUS-001"
"0x00151295","0x00151294","1","14","_ZN16FruitFailManager21RegisterGameOverEventEPN7cocos2d8CCObjectEMS1_FvS2_E","FruitFailManager::RegisterGameOverEvent(cocos2d::CCObject*, void (cocos2d::CCObject::*)(cocos2d::CCObject*))","app","scoring","0.99","DER-NATIVE-001;DER-NATIVE-CORPUS-001"
"0x001628e5","0x001628e4","1","48","_ZN12ScoreManager12setBestScoreEi","ScoreManager::setBestScore(int)","app","scoring","0.99","DER-NATIVE-001;DER-NATIVE-CORPUS-001"
"0x001616d5","0x001616d4","1","64","_ZN12PhysicsLayer18EnableWorldSpeedUpEf","PhysicsLayer::EnableWorldSpeedUp(float)","app","physics","0.99","DER-NATIVE-001;DER-NATIVE-CORPUS-001"
"0x001488b9","0x001488b8","1","140","_ZN16ClassicBirdLayer16GameOverCallbackEPN7cocos2d8CCObjectE","ClassicBirdLayer::GameOverCallback(cocos2d::CCObject*)","app","gameplay","0.99","DER-NATIVE-001;DER-NATIVE-CORPUS-001"
"0x00148551","0x00148550","1","96","_ZN16ClassicBirdLayer8FruitCutEN7cocos2d7CCPointEii","ClassicBirdLayer::FruitCut(cocos2d::CCPoint, int, int)","app","entities","0.99","DER-NATIVE-001;DER-NATIVE-CORPUS-001"
"0x001485b0","0x001485b0","0","20","_ZThn228_N16ClassicBirdLayerD1Ev","non-virtual thunk to ClassicBirdLayer::~ClassicBirdLayer()","app","gameplay","0.99","DER-NATIVE-001;DER-NATIVE-CORPUS-001"
"0x001485c5","0x001485c4","1","60","_ZN16ClassicBirdLayerD2Ev","ClassicBirdLayer::~ClassicBirdLayer()","app","gameplay","0.99","DER-NATIVE-001;DER-NATIVE-CORPUS-001"
"0x00148600","0x00148600","0","20","_ZThn228_N16ClassicBirdLayerD0Ev","non-virtual thunk to ClassicBirdLayer::~ClassicBirdLayer()","app","gameplay","0.99","DER-NATIVE-001;DER-NATIVE-CORPUS-001"
"0x00148615","0x00148614","1","18","_ZN16ClassicBirdLayerD0Ev","ClassicBirdLayer::~ClassicBirdLayer()","app","gameplay","0.99","DER-NATIVE-001;DER-NATIVE-CORPUS-001"
"0x001485c5","0x001485c4","1","60","_ZN16ClassicBirdLayerD1Ev","ClassicBirdLayer::~ClassicBirdLayer()","app","gameplay","0.99","DER-NATIVE-001;DER-NATIVE-CORPUS-001"
"0x00148629","0x00148628","1","124","_ZN16ClassicBirdLayerC2Ev","ClassicBirdLayer::ClassicBirdLayer()","app","gameplay","0.99","DER-NATIVE-001;DER-NATIVE-CORPUS-001"
"0x001486a5","0x001486a4","1","30","_ZN16ClassicBirdLayer17GetReplayInstanceEv","ClassicBirdLayer::GetReplayInstance()","app","gameplay","0.99","DER-NATIVE-001;DER-NATIVE-CORPUS-001"
"0x00148629","0x00148628","1","124","_ZN16ClassicBirdLayerC1Ev","ClassicBirdLayer::ClassicBirdLayer()","app","gameplay","0.99","DER-NATIVE-001;DER-NATIVE-CORPUS-001"
"0x001486c5","0x001486c4","1","500","_ZN16ClassicBirdLayer8GameOverEv","ClassicBirdLayer::GameOver()","app","gameplay","0.99","DER-NATIVE-001;DER-NATIVE-CORPUS-001"
"0x00148945","0x00148944","1","24","_ZN16ClassicBirdLayer12AfterBombHitEv","ClassicBirdLayer::AfterBombHit()","app","entities","0.99","DER-NATIVE-001;DER-NATIVE-CORPUS-001"
"0x001489b5","0x001489b4","1","4","_ZN16ClassicModeLayer11GetGameModeEv","ClassicModeLayer::GetGameMode()","app","gameplay","0.99","DER-NATIVE-001;DER-NATIVE-CORPUS-001"
"0x001489b9","0x001489b8","1","96","_ZN16ClassicModeLayer19MagnetBeginCallbackEPN7cocos2d8CCObjectE","ClassicModeLayer::MagnetBeginCallback(cocos2d::CCObject*)","app","gameplay","0.99","DER-NATIVE-001;DER-NATIVE-CORPUS-001"
"0x00148a19","0x00148a18","1","96","_ZN16ClassicModeLayer17MagnetEndCallbackEPN7cocos2d8CCObjectE","ClassicModeLayer::MagnetEndCallback(cocos2d::CCObject*)","app","gameplay","0.99","DER-NATIVE-001;DER-NATIVE-CORPUS-001"
"0x00148a78","0x00148a78","0","20","_ZThn228_N16ClassicModeLayerD1Ev","non-virtual thunk to ClassicModeLayer::~ClassicModeLayer()","app","gameplay","0.99","DER-NATIVE-001;DER-NATIVE-CORPUS-001"
"0x00148a8d","0x00148a8c","1","124","_ZN16ClassicModeLayerD2Ev","ClassicModeLayer::~ClassicModeLayer()","app","gameplay","0.99","DER-NATIVE-001;DER-NATIVE-CORPUS-001"
"0x00148b08","0x00148b08","0","20","_ZThn228_N16ClassicModeLayerD0Ev","non-virtual thunk to ClassicModeLayer::~ClassicModeLayer()","app","gameplay","0.99","DER-NATIVE-001;DER-NATIVE-CORPUS-001"
"0x00148b1d","0x00148b1c","1","18","_ZN16ClassicModeLayerD0Ev","ClassicModeLayer::~ClassicModeLayer()","app","gameplay","0.99","DER-NATIVE-001;DER-NATIVE-CORPUS-001"
"0x00148a8d","0x00148a8c","1","124","_ZN16ClassicModeLayerD1Ev","ClassicModeLayer::~ClassicModeLayer()","app","gameplay","0.99","DER-NATIVE-001;DER-NATIVE-CORPUS-001"
"0x00148b31","0x00148b30","1","124","_ZN16ClassicModeLayer17StartGameCallbackEv","ClassicModeLayer::StartGameCallback()","app","gameplay","0.99","DER-NATIVE-001;DER-NATIVE-CORPUS-001"
"0x00148bad","0x00148bac","1","116","_ZN16ClassicModeLayer20DisplayScoreCallbackEv","ClassicModeLayer::DisplayScoreCallback()","app","gameplay","0.99","DER-NATIVE-001;DER-NATIVE-CORPUS-001"
"0x00148c21","0x00148c20","1","162","_ZN16ClassicModeLayer7BombHitEv","ClassicModeLayer::BombHit()","app","entities","0.99","DER-NATIVE-001;DER-NATIVE-CORPUS-001"
"0x00148cc3","0x00148cc2","1","24","_ZN16ClassicModeLayer9FruitFailEN7cocos2d7CCPointE","ClassicModeLayer::FruitFail(cocos2d::CCPoint)","app","entities","0.99","DER-NATIVE-001;DER-NATIVE-CORPUS-001"
"0x00148cdd","0x00148cdc","1","1068","_ZN16ClassicModeLayer7onEnterEv","ClassicModeLayer::onEnter()","app","gameplay","0.99","DER-NATIVE-001;DER-NATIVE-CORPUS-001"
"0x001493f9","0x001493f8","1","140","_ZN16ClassicModeLayer16GameOverCallbackEPN7cocos2d8CCObjectE","ClassicModeLayer::GameOverCallback(cocos2d::CCObject*)","app","gameplay","0.99","DER-NATIVE-001;DER-NATIVE-CORPUS-001"
"0x00149109","0x00149108","1","96","_ZN16ClassicModeLayer8FruitCutEN7cocos2d7CCPointEii","ClassicModeLayer::FruitCut(cocos2d::CCPoint, int, int)","app","entities","0.99","DER-NATIVE-001;DER-NATIVE-CORPUS-001"
"0x00149169","0x00149168","1","124","_ZN16ClassicModeLayerC2Ev","ClassicModeLayer::ClassicModeLayer()","app","gameplay","0.99","DER-NATIVE-001;DER-NATIVE-CORPUS-001"
"0x001491e5","0x001491e4","1","30","_ZN16ClassicModeLayer17GetReplayInstanceEv","ClassicModeLayer::GetReplayInstance()","app","gameplay","0.99","DER-NATIVE-001;DER-NATIVE-CORPUS-001"
"0x00149169","0x00149168","1","124","_ZN16ClassicModeLayerC1Ev","ClassicModeLayer::ClassicModeLayer()","app","gameplay","0.99","DER-NATIVE-001;DER-NATIVE-CORPUS-001"
"0x00149205","0x00149204","1","500","_ZN16ClassicModeLayer8GameOverEv","ClassicModeLayer::GameOver()","app","gameplay","0.99","DER-NATIVE-001;DER-NATIVE-CORPUS-001"
"0x00149485","0x00149484","1","24","_ZN16ClassicModeLayer12AfterBombHitEv","ClassicModeLayer::AfterBombHit()","app","entities","0.99","DER-NATIVE-001;DER-NATIVE-CORPUS-001"
"0x001494f5","0x001494f4","1","4","_ZN14ComboBirdLayer11GetGameModeEv","ComboBirdLayer::GetGameMode()","app","gameplay","0.99","DER-NATIVE-001;DER-NATIVE-CORPUS-001"
"0x001494f9","0x001494f8","1","56","_ZN14ComboBirdLayer17StartGameCallbackEv","ComboBirdLayer::StartGameCallback()","app","gameplay","0.99","DER-NATIVE-001;DER-NATIVE-CORPUS-001"
"0x00164d25","0x00164d24","1","8","_ZN11TimeManager5StartEv","TimeManager::Start()","app","scoring","0.99","DER-NATIVE-001;DER-NATIVE-CORPUS-001"
"0x00149531","0x00149530","1","260","_ZN14ComboBirdLayer10GoCallbackEv","ComboBirdLayer::GoCallback()","app","gameplay","0.99","DER-NATIVE-001;DER-NATIVE-CORPUS-001"
"0x00149635","0x00149634","1","260","_ZN14ComboBirdLayer17TotalTimeCallbackEv","ComboBirdLayer::TotalTimeCallback()","app","gameplay","0.99","DER-NATIVE-001;DER-NATIVE-CORPUS-001"
"0x00149739","0x00149738","1","116","_ZN14ComboBirdLayer20TimeUpFinishCallbackEPN7cocos2d8CCObjectE","ComboBirdLayer::TimeUpFinishCallback(cocos2d::CCObject*)","app","gameplay","0.99","DER-NATIVE-001;DER-NATIVE-CORPUS-001"
"0x001497ad","0x001497ac","1","54","_ZN14ComboBirdLayer14TimeUpCallbackEPN7cocos2d8CCObjectE","ComboBirdLayer::TimeUpCallback(cocos2d::CCObject*)","app","gameplay","0.99","DER-NATIVE-001;DER-NATIVE-CORPUS-001"
"0x0015e795","0x0015e794","1","300","_ZN17ObjectivesManager16ProcessGameEventEii","ObjectivesManager::ProcessGameEvent(int, int)","app","progression","0.99","DER-NATIVE-001;DER-NATIVE-CORPUS-001"
"0x001497e3","0x001497e2","1","12","_ZN14ComboBirdLayer14BonusFruitFailEN7cocos2d7CCPointE","ComboBirdLayer::BonusFruitFail(cocos2d::CCPoint)","app","entities","0.99","DER-NATIVE-001;DER-NATIVE-CORPUS-001"
"0x001497ef","0x001497ee","1","12","_ZN14ComboBirdLayer9FruitFailEN7cocos2d7CCPointE","ComboBirdLayer::FruitFail(cocos2d::CCPoint)","app","entities","0.99","DER-NATIVE-001;DER-NATIVE-CORPUS-001"
"0x001497fb","0x001497fa","1","16","_ZN14ComboBirdLayer8FruitCutEN7cocos2d7CCPointEii","ComboBirdLayer::FruitCut(cocos2d::CCPoint, int, int)","app","entities","0.99","DER-NATIVE-001;DER-NATIVE-CORPUS-001"
"0x0014980d","0x0014980c","1","1100","_ZN14ComboBirdLayer7onEnterEv","ComboBirdLayer::onEnter()","app","gameplay","0.99","DER-NATIVE-001;DER-NATIVE-CORPUS-001"
"0x00164b5d","0x00164b5c","1","64","_ZN11TimeManagerC1Ev","TimeManager::TimeManager()","app","scoring","0.99","DER-NATIVE-001;DER-NATIVE-CORPUS-001"
"0x00164c6d","0x00164c6c","1","12","_ZN11TimeManager12setTotalTimeEf","TimeManager::setTotalTime(float)","app","scoring","0.99","DER-NATIVE-001;DER-NATIVE-CORPUS-001"
"0x00164c79","0x00164c78","1","6","_ZN11TimeManager9setTargetEPN7cocos2d8CCObjectE","TimeManager::setTarget(cocos2d::CCObject*)","app","scoring","0.99","DER-NATIVE-001;DER-NATIVE-CORPUS-001"
"0x00164ca3","0x00164ca2","1","18","_ZN11TimeManager14setTimeUpEventEMN7cocos2d8CCObjectEFvPS1_E","TimeManager::setTimeUpEvent(void (cocos2d::CCObject::*)(cocos2d::CCObject*))","app","scoring","0.99","DER-NATIVE-001;DER-NATIVE-CORPUS-001"
"0x00164cb5","0x00164cb4","1","18","_ZN11TimeManager26setTimeUpActionFinishEventEMN7cocos2d8CCObjectEFvPS1_E","TimeManager::setTimeUpActionFinishEvent(void (cocos2d::CCObject::*)(cocos2d::CCObject*))","app","scoring","0.99","DER-NATIVE-001;DER-NATIVE-CORPUS-001"
"0x00149c58","0x00149c58","0","20","_ZThn228_N14ComboBirdLayerD1Ev","non-virtual thunk to ComboBirdLayer::~ComboBirdLayer()","app","gameplay","0.99","DER-NATIVE-001;DER-NATIVE-CORPUS-001"
"0x00149c6d","0x00149c6c","1","60","_ZN14ComboBirdLayerD2Ev","ComboBirdLayer::~ComboBirdLayer()","app","gameplay","0.99","DER-NATIVE-001;DER-NATIVE-CORPUS-001"
"0x00149ca8","0x00149ca8","0","20","_ZThn228_N14ComboBirdLayerD0Ev","non-virtual thunk to ComboBirdLayer::~ComboBirdLayer()","app","gameplay","0.99","DER-NATIVE-001;DER-NATIVE-CORPUS-001"
"0x00149cbd","0x00149cbc","1","18","_ZN14ComboBirdLayerD0Ev","ComboBirdLayer::~ComboBirdLayer()","app","gameplay","0.99","DER-NATIVE-001;DER-NATIVE-CORPUS-001"
"0x00149c6d","0x00149c6c","1","60","_ZN14ComboBirdLayerD1Ev","ComboBirdLayer::~ComboBirdLayer()","app","gameplay","0.99","DER-NATIVE-001;DER-NATIVE-CORPUS-001"
"0x00149cd1","0x00149cd0","1","84","_ZN14ComboBirdLayerC2Ev","ComboBirdLayer::ComboBirdLayer()","app","gameplay","0.99","DER-NATIVE-001;DER-NATIVE-CORPUS-001"
"0x00149d25","0x00149d24","1","30","_ZN14ComboBirdLayer17GetReplayInstanceEv","ComboBirdLayer::GetReplayInstance()","app","gameplay","0.99","DER-NATIVE-001;DER-NATIVE-CORPUS-001"
"0x00149cd1","0x00149cd0","1","84","_ZN14ComboBirdLayerC1Ev","ComboBirdLayer::ComboBirdLayer()","app","gameplay","0.99","DER-NATIVE-001;DER-NATIVE-CORPUS-001"
"0x0014a049","0x0014a048","1","28","_ZN12ComboManagerD2Ev","ComboManager::~ComboManager()","app","scoring","0.99","DER-NATIVE-001;DER-NATIVE-CORPUS-001"
"0x0014a065","0x0014a064","1","18","_ZN12ComboManagerD0Ev","ComboManager::~ComboManager()","app","scoring","0.99","DER-NATIVE-001;DER-NATIVE-CORPUS-001"
"0x0014a049","0x0014a048","1","28","_ZN12ComboManagerD1Ev","ComboManager::~ComboManager()","app","scoring","0.99","DER-NATIVE-001;DER-NATIVE-CORPUS-001"
"0x0014a077","0x0014a076","1","30","_ZN12ComboManager9ResetDataEv","ComboManager::ResetData()","app","scoring","0.99","DER-NATIVE-001;DER-NATIVE-CORPUS-001"
"0x0014a095","0x0014a094","1","56","_ZN12ComboManagerC2Ev","ComboManager::ComboManager()","app","scoring","0.99","DER-NATIVE-001;DER-NATIVE-CORPUS-001"
"0x0014a0d3","0x0014a0d2","1","32","_ZN12ComboManager11TimeSatisfyEv","ComboManager::TimeSatisfy()","app","scoring","0.99","DER-NATIVE-001;DER-NATIVE-CORPUS-001"
"0x0014a0f3","0x0014a0f2","1","40","_ZN12ComboManager10CheckComboEN7cocos2d7CCPointE","ComboManager::CheckCombo(cocos2d::CCPoint)","app","scoring","0.99","DER-NATIVE-001;DER-NATIVE-CORPUS-001"
"0x0014a11d","0x0014a11c","1","84","_ZN12ComboManager20PlayRandomComboSoundEv","ComboManager::PlayRandomComboSound()","app","scoring","0.99","DER-NATIVE-001;DER-NATIVE-CORPUS-001"
"0x0014a171","0x0014a170","1","118","_ZN12ComboManager6updateEf","ComboManager::update(float)","app","scoring","0.99","DER-NATIVE-001;DER-NATIVE-CORPUS-001"
"0x0014a241","0x0014a240","1","44","_ZN14ConcurrentTossD2Ev","ConcurrentToss::~ConcurrentToss()","app","gameplay","0.99","DER-NATIVE-001;DER-NATIVE-CORPUS-001"
"0x0014a26d","0x0014a26c","1","18","_ZN14ConcurrentTossD0Ev","ConcurrentToss::~ConcurrentToss()","app","gameplay","0.99","DER-NATIVE-001;DER-NATIVE-CORPUS-001"
"0x0014a241","0x0014a240","1","44","_ZN14ConcurrentTossD1Ev","ConcurrentToss::~ConcurrentToss()","app","gameplay","0.99","DER-NATIVE-001;DER-NATIVE-CORPUS-001"
"0x0014a27f","0x0014a27e","1","80","_ZN14ConcurrentToss10OnTossTurnEv","ConcurrentToss::OnTossTurn()","app","gameplay","0.99","DER-NATIVE-001;DER-NATIVE-CORPUS-001"
"0x0014a2d1","0x0014a2d0","1","36","_ZN14ConcurrentTossC2Ev","ConcurrentToss::ConcurrentToss()","app","gameplay","0.99","DER-NATIVE-001;DER-NATIVE-CORPUS-001"
"0x0014a2d1","0x0014a2d0","1","36","_ZN14ConcurrentTossC1Ev","ConcurrentToss::ConcurrentToss()","app","gameplay","0.99","DER-NATIVE-001;DER-NATIVE-CORPUS-001"
"0x0014a3b5","0x0014a3b4","1","4","_ZN14CrazyBirdLayer11GetGameModeEv","CrazyBirdLayer::GetGameMode()","app","gameplay","0.99","DER-NATIVE-001;DER-NATIVE-CORPUS-001"
"0x0014a3b9","0x0014a3b8","1","96","_ZN14CrazyBirdLayer19MagnetBeginCallbackEPN7cocos2d8CCObjectE","CrazyBirdLayer::MagnetBeginCallback(cocos2d::CCObject*)","app","gameplay","0.99","DER-NATIVE-001;DER-NATIVE-CORPUS-001"
"0x0014a419","0x0014a418","1","96","_ZN14CrazyBirdLayer17MagnetEndCallbackEPN7cocos2d8CCObjectE","CrazyBirdLayer::MagnetEndCallback(cocos2d::CCObject*)","app","gameplay","0.99","DER-NATIVE-001;DER-NATIVE-CORPUS-001"
"0x0014a479","0x0014a478","1","164","_ZN14CrazyBirdLayer16ActionGoCallbackEv","CrazyBirdLayer::ActionGoCallback()","app","gameplay","0.99","DER-NATIVE-001;DER-NATIVE-CORPUS-001"
"0x0014a51d","0x0014a51c","1","320","_ZN14CrazyBirdLayer17Action60sCallbackEv","CrazyBirdLayer::Action60sCallback()","app","gameplay","0.99","DER-NATIVE-001;DER-NATIVE-CORPUS-001"
"0x0014a65d","0x0014a65c","1","122","_ZN14CrazyBirdLayer20TimeUpFinishCallbackEPN7cocos2d8CCObjectE","CrazyBirdLayer::TimeUpFinishCallback(cocos2d::CCObject*)","app","gameplay","0.99","DER-NATIVE-001;DER-NATIVE-CORPUS-001"
"0x0014a6d7","0x0014a6d6","1","154","_ZN14CrazyBirdLayer14TimeUpCallbackEPN7cocos2d8CCObjectE","CrazyBirdLayer::TimeUpCallback(cocos2d::CCObject*)","app","gameplay","0.99","DER-NATIVE-001;DER-NATIVE-CORPUS-001"
"0x00162bf1","0x00162bf0","1","18","_ZN12ScoreManager17FinishDoubleScoreEv","ScoreManager::FinishDoubleScore()","app","scoring","0.99","DER-NATIVE-001;DER-NATIVE-CORPUS-001"
"0x0014a771","0x0014a770","1","12","_ZN14CrazyBirdLayer14BonusFruitFailEN7cocos2d7CCPointE","CrazyBirdLayer::BonusFruitFail(cocos2d::CCPoint)","app","entities","0.99","DER-NATIVE-001;DER-NATIVE-CORPUS-001"
"0x0014a77d","0x0014a77c","1","8","_ZN14CrazyBirdLayer20FreezeFinishCallbackEPN7cocos2d8CCObjectE","CrazyBirdLayer::FreezeFinishCallback(cocos2d::CCObject*)","app","gameplay","0.99","DER-NATIVE-001;DER-NATIVE-CORPUS-001"
"0x001616c5","0x001616c4","1","10","_ZN12PhysicsLayer14UnFreezeeWorldEv","PhysicsLayer::UnFreezeeWorld()","app","physics","0.99","DER-NATIVE-001;DER-NATIVE-CORPUS-001"
"0x0014a785","0x0014a784","1","8","_ZN14CrazyBirdLayer19FreezeStartCallbackEPN7cocos2d8CCObjectE","CrazyBirdLayer::FreezeStartCallback(cocos2d::CCObject*)","app","gameplay","0.99","DER-NATIVE-001;DER-NATIVE-CORPUS-001"
"0x001616bb","0x001616ba","1","10","_ZN12PhysicsLayer12FreezeeWorldEv","PhysicsLayer::FreezeeWorld()","app","physics","0.99","DER-NATIVE-001;DER-NATIVE-CORPUS-001"
"0x0014a78d","0x0014a78c","1","18","_ZN14CrazyBirdLayer12AfterBombHitEv","CrazyBirdLayer::AfterBombHit()","app","entities","0.99","DER-NATIVE-001;DER-NATIVE-CORPUS-001"
"0x0014a79f","0x0014a79e","1","66","_ZN14CrazyBirdLayer7BombHitEv","CrazyBirdLayer::BombHit()","app","entities","0.99","DER-NATIVE-001;DER-NATIVE-CORPUS-001"
"0x00162b6d","0x00162b6c","1","18","_ZN12ScoreManager18DisableDoubleScoreEv","ScoreManager::DisableDoubleScore()","app","scoring","0.99","DER-NATIVE-001;DER-NATIVE-CORPUS-001"
"0x0014a7e1","0x0014a7e0","1","28","_ZN14CrazyBirdLayer9FruitFailEN7cocos2d7CCPointE","CrazyBirdLayer::FruitFail(cocos2d::CCPoint)","app","entities","0.99","DER-NATIVE-001;DER-NATIVE-CORPUS-001"
"0x0014a7fd","0x0014a7fc","1","152","_ZN14CrazyBirdLayer8FruitCutEN7cocos2d7CCPointEii","CrazyBirdLayer::FruitCut(cocos2d::CCPoint, int, int)","app","entities","0.99","DER-NATIVE-001;DER-NATIVE-CORPUS-001"
"0x00162b81","0x00162b80","1","112","_ZN12ScoreManager17EnableDoubleScoreEv","ScoreManager::EnableDoubleScore()","app","scoring","0.99","DER-NATIVE-001;DER-NATIVE-CORPUS-001"
"0x00164b9d","0x00164b9c","1","144","_ZN11TimeManager6FreezeEv","TimeManager::Freeze()","app","scoring","0.99","DER-NATIVE-001;DER-NATIVE-CORPUS-001"
"0x0014a895","0x0014a894","1","1066","_ZN14CrazyBirdLayer7onEnterEv","CrazyBirdLayer::onEnter()","app","gameplay","0.99","DER-NATIVE-001;DER-NATIVE-CORPUS-001"
"0x0014df29","0x0014df28","1","40","_ZN10DoubleToss6createEP7b2World","DoubleToss::create(b2World*)","app","gameplay","0.99","DER-NATIVE-001;DER-NATIVE-CORPUS-001"
"0x00164cc7","0x00164cc6","1","94","_ZN11TimeManager6createEfPN7cocos2d8CCObjectEMS1_FvS2_ES4_S4_S4_","TimeManager::create(float, cocos2d::CCObject*, void (cocos2d::CCObject::*)(cocos2d::CCObject*), void (cocos2d::CCObject::*)(cocos2d::CCObject*), void (cocos2d::CCObject::*)(cocos2d::CCObject*), void (cocos2d::CCObject::*)(cocos2d::CCObject*))","app","scoring","0.99","DER-NATIVE-001;DER-NATIVE-CORPUS-001"
"0x0014acc0","0x0014acc0","0","20","_ZThn228_N14CrazyBirdLayerD1Ev","non-virtual thunk to CrazyBirdLayer::~CrazyBirdLayer()","app","gameplay","0.99","DER-NATIVE-001;DER-NATIVE-CORPUS-001"
"0x0014acd5","0x0014acd4","1","60","_ZN14CrazyBirdLayerD2Ev","CrazyBirdLayer::~CrazyBirdLayer()","app","gameplay","0.99","DER-NATIVE-001;DER-NATIVE-CORPUS-001"
"0x0014ad10","0x0014ad10","0","20","_ZThn228_N14CrazyBirdLayerD0Ev","non-virtual thunk to CrazyBirdLayer::~CrazyBirdLayer()","app","gameplay","0.99","DER-NATIVE-001;DER-NATIVE-CORPUS-001"
"0x0014ad25","0x0014ad24","1","18","_ZN14CrazyBirdLayerD0Ev","CrazyBirdLayer::~CrazyBirdLayer()","app","gameplay","0.99","DER-NATIVE-001;DER-NATIVE-CORPUS-001"
"0x0014acd5","0x0014acd4","1","60","_ZN14CrazyBirdLayerD1Ev","CrazyBirdLayer::~CrazyBirdLayer()","app","gameplay","0.99","DER-NATIVE-001;DER-NATIVE-CORPUS-001"
"0x0014ad39","0x0014ad38","1","144","_ZN14CrazyBirdLayerC2Ev","CrazyBirdLayer::CrazyBirdLayer()","app","gameplay","0.99","DER-NATIVE-001;DER-NATIVE-CORPUS-001"
"0x0014adc9","0x0014adc8","1","30","_ZN14CrazyBirdLayer17GetReplayInstanceEv","CrazyBirdLayer::GetReplayInstance()","app","gameplay","0.99","DER-NATIVE-001;DER-NATIVE-CORPUS-001"
"0x0014ad39","0x0014ad38","1","144","_ZN14CrazyBirdLayerC1Ev","CrazyBirdLayer::CrazyBirdLayer()","app","gameplay","0.99","DER-NATIVE-001;DER-NATIVE-CORPUS-001"
"0x0014ae41","0x0014ae40","1","4","_ZN14CrazyModeLayer11GetGameModeEv","CrazyModeLayer::GetGameMode()","app","gameplay","0.99","DER-NATIVE-001;DER-NATIVE-CORPUS-001"
"0x0014ae49","0x0014ae48","1","96","_ZN14CrazyModeLayer19MagnetBeginCallbackEPN7cocos2d8CCObjectE","CrazyModeLayer::MagnetBeginCallback(cocos2d::CCObject*)","app","gameplay","0.99","DER-NATIVE-001;DER-NATIVE-CORPUS-001"
"0x0014aea9","0x0014aea8","1","96","_ZN14CrazyModeLayer17MagnetEndCallbackEPN7cocos2d8CCObjectE","CrazyModeLayer::MagnetEndCallback(cocos2d::CCObject*)","app","gameplay","0.99","DER-NATIVE-001;DER-NATIVE-CORPUS-001"
"0x0014af09","0x0014af08","1","164","_ZN14CrazyModeLayer16ActionGoCallbackEv","CrazyModeLayer::ActionGoCallback()","app","gameplay","0.99","DER-NATIVE-001;DER-NATIVE-CORPUS-001"
"0x0014afad","0x0014afac","1","320","_ZN14CrazyModeLayer17Action60sCallbackEv","CrazyModeLayer::Action60sCallback()","app","gameplay","0.99","DER-NATIVE-001;DER-NATIVE-CORPUS-001"
"0x0014b0ed","0x0014b0ec","1","122","_ZN14CrazyModeLayer20TimeUpFinishCallbackEPN7cocos2d8CCObjectE","CrazyModeLayer::TimeUpFinishCallback(cocos2d::CCObject*)","app","gameplay","0.99","DER-NATIVE-001;DER-NATIVE-CORPUS-001"
"0x0014b167","0x0014b166","1","154","_ZN14CrazyModeLayer14TimeUpCallbackEPN7cocos2d8CCObjectE","CrazyModeLayer::TimeUpCallback(cocos2d::CCObject*)","app","gameplay","0.99","DER-NATIVE-001;DER-NATIVE-CORPUS-001"
"0x0014b201","0x0014b200","1","12","_ZN14CrazyModeLayer14BonusFruitFailEN7cocos2d7CCPointE","CrazyModeLayer::BonusFruitFail(cocos2d::CCPoint)","app","entities","0.99","DER-NATIVE-001;DER-NATIVE-CORPUS-001"
"0x0014b20d","0x0014b20c","1","8","_ZN14CrazyModeLayer20FreezeFinishCallbackEPN7cocos2d8CCObjectE","CrazyModeLayer::FreezeFinishCallback(cocos2d::CCObject*)","app","gameplay","0.99","DER-NATIVE-001;DER-NATIVE-CORPUS-001"
"0x0014b215","0x0014b214","1","8","_ZN14CrazyModeLayer19FreezeStartCallbackEPN7cocos2d8CCObjectE","CrazyModeLayer::FreezeStartCallback(cocos2d::CCObject*)","app","gameplay","0.99","DER-NATIVE-001;DER-NATIVE-CORPUS-001"
"0x0014b21d","0x0014b21c","1","18","_ZN14CrazyModeLayer12AfterBombHitEv","CrazyModeLayer::AfterBombHit()","app","entities","0.99","DER-NATIVE-001;DER-NATIVE-CORPUS-001"
"0x0014b22f","0x0014b22e","1","66","_ZN14CrazyModeLayer7BombHitEv","CrazyModeLayer::BombHit()","app","entities","0.99","DER-NATIVE-001;DER-NATIVE-CORPUS-001"
"0x0014b271","0x0014b270","1","28","_ZN14CrazyModeLayer9FruitFailEN7cocos2d7CCPointE","CrazyModeLayer::FruitFail(cocos2d::CCPoint)","app","entities","0.99","DER-NATIVE-001;DER-NATIVE-CORPUS-001"
"0x0014b28d","0x0014b28c","1","152","_ZN14CrazyModeLayer8FruitCutEN7cocos2d7CCPointEii","CrazyModeLayer::FruitCut(cocos2d::CCPoint, int, int)","app","entities","0.99","DER-NATIVE-001;DER-NATIVE-CORPUS-001"
"0x0014b325","0x0014b324","1","1040","_ZN14CrazyModeLayer7onEnterEv","CrazyModeLayer::onEnter()","app","gameplay","0.99","DER-NATIVE-001;DER-NATIVE-CORPUS-001"
"0x0014b734","0x0014b734","0","20","_ZThn228_N14CrazyModeLayerD1Ev","non-virtual thunk to CrazyModeLayer::~CrazyModeLayer()","app","gameplay","0.99","DER-NATIVE-001;DER-NATIVE-CORPUS-001"
"0x0014b749","0x0014b748","1","124","_ZN14CrazyModeLayerD2Ev","CrazyModeLayer::~CrazyModeLayer()","app","gameplay","0.99","DER-NATIVE-001;DER-NATIVE-CORPUS-001"
"0x0014b7c4","0x0014b7c4","0","20","_ZThn228_N14CrazyModeLayerD0Ev","non-virtual thunk to CrazyModeLayer::~CrazyModeLayer()","app","gameplay","0.99","DER-NATIVE-001;DER-NATIVE-CORPUS-001"
"0x0014b7d9","0x0014b7d8","1","18","_ZN14CrazyModeLayerD0Ev","CrazyModeLayer::~CrazyModeLayer()","app","gameplay","0.99","DER-NATIVE-001;DER-NATIVE-CORPUS-001"
"0x0014b749","0x0014b748","1","124","_ZN14CrazyModeLayerD1Ev","CrazyModeLayer::~CrazyModeLayer()","app","gameplay","0.99","DER-NATIVE-001;DER-NATIVE-CORPUS-001"
"0x0014b7ed","0x0014b7ec","1","144","_ZN14CrazyModeLayerC2Ev","CrazyModeLayer::CrazyModeLayer()","app","gameplay","0.99","DER-NATIVE-001;DER-NATIVE-CORPUS-001"
"0x0014b87d","0x0014b87c","1","30","_ZN14CrazyModeLayer17GetReplayInstanceEv","CrazyModeLayer::GetReplayInstance()","app","gameplay","0.99","DER-NATIVE-001;DER-NATIVE-CORPUS-001"
"0x0014b7ed","0x0014b7ec","1","144","_ZN14CrazyModeLayerC1Ev","CrazyModeLayer::CrazyModeLayer()","app","gameplay","0.99","DER-NATIVE-001;DER-NATIVE-CORPUS-001"
"0x0014bc3d","0x0014bc3c","1","14","_ZN8CutFruit15FadeOutCallbackEv","CutFruit::FadeOutCallback()","app","entities","0.99","DER-NATIVE-001;DER-NATIVE-CORPUS-001"
"0x0014bc4b","0x0014bc4a","1","16","_ZN8CutFruit7DisposeEv","CutFruit::Dispose()","app","entities","0.99","DER-NATIVE-001;DER-NATIVE-CORPUS-001"
"0x0014bc5d","0x0014bc5c","1","256","_ZN8CutFruit6updateEf","CutFruit::update(float)","app","entities","0.99","DER-NATIVE-001;DER-NATIVE-CORPUS-001"
"0x0014bd5d","0x0014bd5c","1","64","_ZN8CutFruit7onEnterEv","CutFruit::onEnter()","app","entities","0.99","DER-NATIVE-001;DER-NATIVE-CORPUS-001"
"0x0014bd9d","0x0014bd9c","1","28","_ZN8CutFruitD2Ev","CutFruit::~CutFruit()","app","entities","0.99","DER-NATIVE-001;DER-NATIVE-CORPUS-001"
"0x0014bdb9","0x0014bdb8","1","18","_ZN8CutFruitD0Ev","CutFruit::~CutFruit()","app","entities","0.99","DER-NATIVE-001;DER-NATIVE-CORPUS-001"
"0x0014bd9d","0x0014bd9c","1","28","_ZN8CutFruitD1Ev","CutFruit::~CutFruit()","app","entities","0.99","DER-NATIVE-001;DER-NATIVE-CORPUS-001"
"0x0014bdcd","0x0014bdcc","1","36","_ZN8CutFruitC2Ev","CutFruit::CutFruit()","app","entities","0.99","DER-NATIVE-001;DER-NATIVE-CORPUS-001"
"0x0014bdf1","0x0014bdf0","1","672","_ZN8CutFruit6createEP7b2Worldii","CutFruit::create(b2World*, int, int)","app","entities","0.99","DER-NATIVE-001;DER-NATIVE-CORPUS-001"
"0x0014bdcd","0x0014bdcc","1","36","_ZN8CutFruitC1Ev","CutFruit::CutFruit()","app","entities","0.99","DER-NATIVE-001;DER-NATIVE-CORPUS-001"
"0x0014c091","0x0014c090","1","280","_ZN8CutFruit6createEP7b2WorldPN7cocos2d8CCSpriteE","CutFruit::create(b2World*, cocos2d::CCSprite*)","app","entities","0.99","DER-NATIVE-001;DER-NATIVE-CORPUS-001"
"0x0014c1a9","0x0014c1a8","1","6","_ZN8CutFruit14EnableCriticalEb","CutFruit::EnableCritical(bool)","app","entities","0.99","DER-NATIVE-001;DER-NATIVE-CORPUS-001"
"0x0014c24d","0x0014c24c","1","14","_ZN9CutObject3CutEN7cocos2d7CCPointES1_","CutObject::Cut(cocos2d::CCPoint, cocos2d::CCPoint)","app","unclassified","0.99","DER-NATIVE-001;DER-NATIVE-CORPUS-001"
"0x0014c881","0x0014c880","1","6","_ZN9CutObject12IsDisableCutEv","CutObject::IsDisableCut()","app","unclassified","0.99","DER-NATIVE-001;DER-NATIVE-CORPUS-001"
"0x0014c849","0x0014c848","1","56","_ZN9CutObjectC1Ev","CutObject::CutObject()","app","unclassified","0.99","DER-NATIVE-001;DER-NATIVE-CORPUS-001"
"0x00151e45","0x00151e44","1","104","_ZN12GNStyleLayerC1Ev","GNStyleLayer::GNStyleLayer()","app","gameplay","0.99","DER-NATIVE-001;DER-NATIVE-CORPUS-001"
"0x0014dd19","0x0014dd18","1","14","_ZN10DoubleToss13DelayCallbackEv","DoubleToss::DelayCallback()","app","gameplay","0.99","DER-NATIVE-001;DER-NATIVE-CORPUS-001"
"0x0014dd29","0x0014dd28","1","92","_ZN10DoubleToss4StopEv","DoubleToss::Stop()","app","gameplay","0.99","DER-NATIVE-001;DER-NATIVE-CORPUS-001"
"0x0014dd85","0x0014dd84","1","32","_ZN10DoubleToss6ResumeEv","DoubleToss::Resume()","app","gameplay","0.99","DER-NATIVE-001;DER-NATIVE-CORPUS-001"
"0x0014dda5","0x0014dda4","1","32","_ZN10DoubleToss5PauseEv","DoubleToss::Pause()","app","gameplay","0.99","DER-NATIVE-001;DER-NATIVE-CORPUS-001"
"0x0014ddc5","0x0014ddc4","1","90","_ZN10DoubleToss7onEnterEv","DoubleToss::onEnter()","app","gameplay","0.99","DER-NATIVE-001;DER-NATIVE-CORPUS-001"
"0x00165177","0x00165176","1","6","_ZN8TossTurn8getWorldEv","TossTurn::getWorld()","app","gameplay","0.99","DER-NATIVE-001;DER-NATIVE-CORPUS-001"
"0x0014de21","0x0014de20","1","44","_ZN10DoubleTossD2Ev","DoubleToss::~DoubleToss()","app","gameplay","0.99","DER-NATIVE-001;DER-NATIVE-CORPUS-001"
"0x0014de4d","0x0014de4c","1","18","_ZN10DoubleTossD0Ev","DoubleToss::~DoubleToss()","app","gameplay","0.99","DER-NATIVE-001;DER-NATIVE-CORPUS-001"
"0x0014de21","0x0014de20","1","44","_ZN10DoubleTossD1Ev","DoubleToss::~DoubleToss()","app","gameplay","0.99","DER-NATIVE-001;DER-NATIVE-CORPUS-001"
"0x0014de61","0x0014de60","1","156","_ZN10DoubleToss5StartEv","DoubleToss::Start()","app","gameplay","0.99","DER-NATIVE-001;DER-NATIVE-CORPUS-001"
"0x0014defd","0x0014defc","1","44","_ZN10DoubleTossC2Ev","DoubleToss::DoubleToss()","app","gameplay","0.99","DER-NATIVE-001;DER-NATIVE-CORPUS-001"
"0x0014defd","0x0014defc","1","44","_ZN10DoubleTossC1Ev","DoubleToss::DoubleToss()","app","gameplay","0.99","DER-NATIVE-001;DER-NATIVE-CORPUS-001"
"0x001650a3","0x001650a2","1","2","_ZN8TossTurn10OnTossTurnEv","TossTurn::OnTossTurn()","app","gameplay","0.99","DER-NATIVE-001;DER-NATIVE-CORPUS-001"
"0x0014dfa9","0x0014dfa8","1","16","_ZN11DragonBlade16OnOverPointLimitEv","DragonBlade::OnOverPointLimit()","app","physics","0.99","DER-NATIVE-001;DER-NATIVE-CORPUS-001"
"0x0014dfb9","0x0014dfb8","1","34","_ZN11DragonBlade18DisposeStateUpdateEv","DragonBlade::DisposeStateUpdate()","app","physics","0.99","DER-NATIVE-001;DER-NATIVE-CORPUS-001"
"0x0014dfdb","0x0014dfda","1","32","_ZN11DragonBlade17SetToDisposeStateEv","DragonBlade::SetToDisposeState()","app","physics","0.99","DER-NATIVE-001;DER-NATIVE-CORPUS-001"
"0x0014dffb","0x0014dffa","1","22","_ZN11DragonBlade26InitializeWithMaximumPointEi","DragonBlade::InitializeWithMaximumPoint(int)","app","physics","0.99","DER-NATIVE-001;DER-NATIVE-CORPUS-001"
"0x0014e011","0x0014e010","1","76","_ZN11DragonBlade6updateEf","DragonBlade::update(float)","app","physics","0.99","DER-NATIVE-001;DER-NATIVE-CORPUS-001"
"0x0014e05d","0x0014e05c","1","72","_ZN11DragonBladeD2Ev","DragonBlade::~DragonBlade()","app","physics","0.99","DER-NATIVE-001;DER-NATIVE-CORPUS-001"
"0x0014e0a5","0x0014e0a4","1","18","_ZN11DragonBladeD0Ev","DragonBlade::~DragonBlade()","app","physics","0.99","DER-NATIVE-001;DER-NATIVE-CORPUS-001"
"0x0014e05d","0x0014e05c","1","72","_ZN11DragonBladeD1Ev","DragonBlade::~DragonBlade()","app","physics","0.99","DER-NATIVE-001;DER-NATIVE-CORPUS-001"
"0x0014e0b9","0x0014e0b8","1","164","_ZN11DragonBlade6fAngleEN7cocos2d7CCPointE","DragonBlade::fAngle(cocos2d::CCPoint)","app","physics","0.99","DER-NATIVE-001;DER-NATIVE-CORPUS-001"
"0x0014e161","0x0014e160","1","56","_ZN11DragonBlade8MidPointEN7cocos2d7CCPointES1_","DragonBlade::MidPoint(cocos2d::CCPoint, cocos2d::CCPoint)","app","physics","0.99","DER-NATIVE-001;DER-NATIVE-CORPUS-001"
"0x0014e199","0x0014e198","1","32","_ZN11DragonBlade4FSinEf","DragonBlade::FSin(float)","app","physics","0.99","DER-NATIVE-001;DER-NATIVE-CORPUS-001"
"0x0014e1b9","0x0014e1b8","1","58","_ZN11DragonBlade12LenghtVectorEN7cocos2d7CCPointES1_","DragonBlade::LenghtVector(cocos2d::CCPoint, cocos2d::CCPoint)","app","physics","0.99","DER-NATIVE-001;DER-NATIVE-CORPUS-001"
"0x0014e1f3","0x0014e1f2","1","38","_ZN11DragonBlade12LenghtVectorEN7cocos2d7CCPointE","DragonBlade::LenghtVector(cocos2d::CCPoint)","app","physics","0.99","DER-NATIVE-001;DER-NATIVE-CORPUS-001"
"0x0014e219","0x0014e218","1","82","_ZN11DragonBlade6SetNewEv","DragonBlade::SetNew()","app","physics","0.99","DER-NATIVE-001;DER-NATIVE-CORPUS-001"
"0x0014e26d","0x0014e26c","1","388","_ZN11DragonBladeC2Ei","DragonBlade::DragonBlade(int)","app","physics","0.99","DER-NATIVE-001;DER-NATIVE-CORPUS-001"
"0x0014e3f1","0x0014e3f0","1","1208","_ZN11DragonBlade4drawEv","DragonBlade::draw()","app","physics","0.99","DER-NATIVE-001;DER-NATIVE-CORPUS-001"
"0x0014e8a9","0x0014e8a8","1","400","_ZN11DragonBlade4PushEN7cocos2d7CCPointE","DragonBlade::Push(cocos2d::CCPoint)","app","physics","0.99","DER-NATIVE-001;DER-NATIVE-CORPUS-001"
"0x0014e26d","0x0014e26c","1","388","_ZN11DragonBladeC1Ei","DragonBlade::DragonBlade(int)","app","physics","0.99","DER-NATIVE-001;DER-NATIVE-CORPUS-001"
"0x0014ea91","0x0014ea90","1","30","_ZN11DragonFruit15FadeOutCallbackEv","DragonFruit::FadeOutCallback()","app","entities","0.99","DER-NATIVE-001;DER-NATIVE-CORPUS-001"
"0x0014eaaf","0x0014eaae","1","8","_ZN11DragonFruit4drawEv","DragonFruit::draw()","app","entities","0.99","DER-NATIVE-001;DER-NATIVE-CORPUS-001"
"0x0014eab9","0x0014eab8","1","108","_ZN11DragonFruit7onEnterEv","DragonFruit::onEnter()","app","entities","0.99","DER-NATIVE-001;DER-NATIVE-CORPUS-001"
"0x0014eb25","0x0014eb24","1","916","_ZN11DragonFruit3CutEN7cocos2d7CCPointES1_","DragonFruit::Cut(cocos2d::CCPoint, cocos2d::CCPoint)","app","entities","0.99","DER-NATIVE-001;DER-NATIVE-CORPUS-001"
"0x0014f5a1","0x0014f5a0","1","136","_ZN11DragonFruit19HitFinishedCallbackEv","DragonFruit::HitFinishedCallback()","app","entities","0.99","DER-NATIVE-001;DER-NATIVE-CORPUS-001"
"0x0014eeb9","0x0014eeb8","1","28","_ZN11DragonFruitD2Ev","DragonFruit::~DragonFruit()","app","entities","0.99","DER-NATIVE-001;DER-NATIVE-CORPUS-001"
"0x0014eed5","0x0014eed4","1","18","_ZN11DragonFruitD0Ev","DragonFruit::~DragonFruit()","app","entities","0.99","DER-NATIVE-001;DER-NATIVE-CORPUS-001"
"0x0014eeb9","0x0014eeb8","1","28","_ZN11DragonFruitD1Ev","DragonFruit::~DragonFruit()","app","entities","0.99","DER-NATIVE-001;DER-NATIVE-CORPUS-001"
"0x0014eee9","0x0014eee8","1","68","_ZN11DragonFruitC2Ev","DragonFruit::DragonFruit()","app","entities","0.99","DER-NATIVE-001;DER-NATIVE-CORPUS-001"
"0x0014ef2d","0x0014ef2c","1","6","_ZN11DragonFruit5setIDEi","DragonFruit::setID(int)","app","entities","0.99","DER-NATIVE-001;DER-NATIVE-CORPUS-001"
"0x0014ef35","0x0014ef34","1","372","_ZN11DragonFruit6createEP7b2World","DragonFruit::create(b2World*)","app","entities","0.99","DER-NATIVE-001;DER-NATIVE-CORPUS-001"
"0x0014eee9","0x0014eee8","1","68","_ZN11DragonFruitC1Ev","DragonFruit::DragonFruit()","app","entities","0.99","DER-NATIVE-001;DER-NATIVE-CORPUS-001"
"0x0014f0a9","0x0014f0a8","1","6","_ZN11DragonFruit5getIDEv","DragonFruit::getID()","app","entities","0.99","DER-NATIVE-001;DER-NATIVE-CORPUS-001"
"0x0014f0b1","0x0014f0b0","1","1264","_ZN11DragonFruit15EndHitAnimationEv","DragonFruit::EndHitAnimation()","app","entities","0.99","DER-NATIVE-001;DER-NATIVE-CORPUS-001"
"0x0014fded","0x0014fdec","1","44","_ZN8FreeTossD2Ev","FreeToss::~FreeToss()","app","gameplay","0.99","DER-NATIVE-001;DER-NATIVE-CORPUS-001"
"0x0014fe19","0x0014fe18","1","18","_ZN8FreeTossD0Ev","FreeToss::~FreeToss()","app","gameplay","0.99","DER-NATIVE-001;DER-NATIVE-CORPUS-001"
"0x0014fded","0x0014fdec","1","44","_ZN8FreeTossD1Ev","FreeToss::~FreeToss()","app","gameplay","0.99","DER-NATIVE-001;DER-NATIVE-CORPUS-001"
"0x0014fe2b","0x0014fe2a","1","86","_ZN8FreeToss10OnTossTurnEv","FreeToss::OnTossTurn()","app","gameplay","0.99","DER-NATIVE-001;DER-NATIVE-CORPUS-001"
"0x00165183","0x00165182","1","6","_ZN8TossTurn11getTossTypeEv","TossTurn::getTossType()","app","gameplay","0.99","DER-NATIVE-001;DER-NATIVE-CORPUS-001"
"0x0014fe81","0x0014fe80","1","28","_ZN8FreeTossC2Ev","FreeToss::FreeToss()","app","gameplay","0.99","DER-NATIVE-001;DER-NATIVE-CORPUS-001"
"0x0014fe81","0x0014fe80","1","28","_ZN8FreeTossC1Ev","FreeToss::FreeToss()","app","gameplay","0.99","DER-NATIVE-001;DER-NATIVE-CORPUS-001"
"0x0014ff51","0x0014ff50","1","4","_ZN5Fruit7IsFruitEv","Fruit::IsFruit()","app","entities","0.99","DER-NATIVE-001;DER-NATIVE-CORPUS-001"
"0x0014ff55","0x0014ff54","1","110","_ZN5Fruit16FailNotifycationEv","Fruit::FailNotifycation()","app","entities","0.99","DER-NATIVE-001;DER-NATIVE-CORPUS-001"
"0x00150055","0x00150054","1","28","_ZN5FruitD2Ev","Fruit::~Fruit()","app","entities","0.99","DER-NATIVE-001;DER-NATIVE-CORPUS-001"
"0x00150071","0x00150070","1","18","_ZN5FruitD0Ev","Fruit::~Fruit()","app","entities","0.99","DER-NATIVE-001;DER-NATIVE-CORPUS-001"
"0x00150055","0x00150054","1","28","_ZN5FruitD1Ev","Fruit::~Fruit()","app","entities","0.99","DER-NATIVE-001;DER-NATIVE-CORPUS-001"
"0x00150085","0x00150084","1","36","_ZN5FruitC2Ev","Fruit::Fruit()","app","entities","0.99","DER-NATIVE-001;DER-NATIVE-CORPUS-001"
"0x001500af","0x001500ae","1","6","_ZN5Fruit5setIDEi","Fruit::setID(int)","app","entities","0.99","DER-NATIVE-001;DER-NATIVE-CORPUS-001"
"0x00150085","0x00150084","1","36","_ZN5FruitC1Ev","Fruit::Fruit()","app","entities","0.99","DER-NATIVE-001;DER-NATIVE-CORPUS-001"
"0x00150321","0x00150320","1","644","_ZN5Fruit16createWithTargetEP7b2WorldiPN7cocos2d6CCNodeEMNS2_8CCObjectEFvPS5_E","Fruit::createWithTarget(b2World*, int, cocos2d::CCNode*, void (cocos2d::CCObject::*)(cocos2d::CCObject*))","app","entities","0.99","DER-NATIVE-001;DER-NATIVE-CORPUS-001"
"0x001505a5","0x001505a4","1","160","_ZN5Fruit12PlayCutSoundEv","Fruit::PlayCutSound()","app","entities","0.99","DER-NATIVE-001;DER-NATIVE-CORPUS-001"
"0x00150649","0x00150648","1","1304","_ZN5Fruit3CutEN7cocos2d7CCPointES1_","Fruit::Cut(cocos2d::CCPoint, cocos2d::CCPoint)","app","entities","0.99","DER-NATIVE-001;DER-NATIVE-CORPUS-001"
"0x00150b61","0x00150b60","1","14","_ZN5Fruit8GetScoreEv","Fruit::GetScore()","app","entities","0.99","DER-NATIVE-001;DER-NATIVE-CORPUS-001"
"0x00150b6f","0x00150b6e","1","74","_ZN5Fruit15CutNotificationEv","Fruit::CutNotification()","app","entities","0.99","DER-NATIVE-001;DER-NATIVE-CORPUS-001"
"0x00150bb9","0x00150bb8","1","24","_ZN5Fruit14RandomCreticalEv","Fruit::RandomCretical()","app","entities","0.99","DER-NATIVE-001;DER-NATIVE-CORPUS-001"
"0x001510d9","0x001510d8","1","44","_ZN16FruitFailManagerD2Ev","FruitFailManager::~FruitFailManager()","app","scoring","0.99","DER-NATIVE-001;DER-NATIVE-CORPUS-001"
"0x00151105","0x00151104","1","18","_ZN16FruitFailManagerD0Ev","FruitFailManager::~FruitFailManager()","app","scoring","0.99","DER-NATIVE-001;DER-NATIVE-CORPUS-001"
"0x001510d9","0x001510d8","1","44","_ZN16FruitFailManagerD1Ev","FruitFailManager::~FruitFailManager()","app","scoring","0.99","DER-NATIVE-001;DER-NATIVE-CORPUS-001"
"0x00151117","0x00151116","1","62","_ZN16FruitFailManager12FailCallbackEv","FruitFailManager::FailCallback()","app","scoring","0.99","DER-NATIVE-001;DER-NATIVE-CORPUS-001"
"0x00151155","0x00151154","1","48","_ZN16FruitFailManagerC2Ev","FruitFailManager::FruitFailManager()","app","scoring","0.99","DER-NATIVE-001;DER-NATIVE-CORPUS-001"
"0x0015128d","0x0015128c","1","8","_ZN16FruitFailManager7RestartEv","FruitFailManager::Restart()","app","scoring","0.99","DER-NATIVE-001;DER-NATIVE-CORPUS-001"
"0x001512c5","0x001512c4","1","492","_ZN16FruitFailManager7onEnterEv","FruitFailManager::onEnter()","app","scoring","0.99","DER-NATIVE-001;DER-NATIVE-CORPUS-001"
"0x0015e05d","0x0015e05c","1","16","_ZN17ObjectivesManager14SetTargetLayerEPN7cocos2d7CCSceneE","ObjectivesManager::SetTargetLayer(cocos2d::CCScene*)","app","progression","0.99","DER-NATIVE-001;DER-NATIVE-CORPUS-001"
"0x0015166d","0x0015166c","1","4","_ZN12GNStyleLayer11GetGameModeEv","GNStyleLayer::GetGameMode()","app","gameplay","0.99","DER-NATIVE-001;DER-NATIVE-CORPUS-001"
"0x00151670","0x00151670","0","20","_ZThn228_N12GNStyleLayerD1Ev","non-virtual thunk to GNStyleLayer::~GNStyleLayer()","app","gameplay","0.99","DER-NATIVE-001;DER-NATIVE-CORPUS-001"
"0x00151685","0x00151684","1","124","_ZN12GNStyleLayerD2Ev","GNStyleLayer::~GNStyleLayer()","app","gameplay","0.99","DER-NATIVE-001;DER-NATIVE-CORPUS-001"
"0x00151700","0x00151700","0","20","_ZThn228_N12GNStyleLayerD0Ev","non-virtual thunk to GNStyleLayer::~GNStyleLayer()","app","gameplay","0.99","DER-NATIVE-001;DER-NATIVE-CORPUS-001"
"0x00151715","0x00151714","1","18","_ZN12GNStyleLayerD0Ev","GNStyleLayer::~GNStyleLayer()","app","gameplay","0.99","DER-NATIVE-001;DER-NATIVE-CORPUS-001"
"0x00151685","0x00151684","1","124","_ZN12GNStyleLayerD1Ev","GNStyleLayer::~GNStyleLayer()","app","gameplay","0.99","DER-NATIVE-001;DER-NATIVE-CORPUS-001"
"0x00151729","0x00151728","1","264","_ZN12GNStyleLayer10GoCallbackEv","GNStyleLayer::GoCallback()","app","gameplay","0.99","DER-NATIVE-001;DER-NATIVE-CORPUS-001"
"0x001584bd","0x001584bc","1","108","_ZN12GNStyleLayer17StartGameCallbackEv","GNStyleLayer::StartGameCallback()","app","gameplay","0.99","DER-NATIVE-001;DER-NATIVE-CORPUS-001"
"0x00151831","0x00151830","1","264","_ZN12GNStyleLayer17TotalTimeCallbackEv","GNStyleLayer::TotalTimeCallback()","app","gameplay","0.99","DER-NATIVE-001;DER-NATIVE-CORPUS-001"
"0x00151939","0x00151938","1","116","_ZN12GNStyleLayer20TimeUpFinishCallbackEPN7cocos2d8CCObjectE","GNStyleLayer::TimeUpFinishCallback(cocos2d::CCObject*)","app","gameplay","0.99","DER-NATIVE-001;DER-NATIVE-CORPUS-001"
"0x001519ad","0x001519ac","1","54","_ZN12GNStyleLayer14TimeUpCallbackEPN7cocos2d8CCObjectE","GNStyleLayer::TimeUpCallback(cocos2d::CCObject*)","app","gameplay","0.99","DER-NATIVE-001;DER-NATIVE-CORPUS-001"
"0x001519e3","0x001519e2","1","12","_ZN12GNStyleLayer14BonusFruitFailEN7cocos2d7CCPointE","GNStyleLayer::BonusFruitFail(cocos2d::CCPoint)","app","entities","0.99","DER-NATIVE-001;DER-NATIVE-CORPUS-001"
"0x001519ef","0x001519ee","1","12","_ZN12GNStyleLayer9FruitFailEN7cocos2d7CCPointE","GNStyleLayer::FruitFail(cocos2d::CCPoint)","app","entities","0.99","DER-NATIVE-001;DER-NATIVE-CORPUS-001"
"0x001519fb","0x001519fa","1","16","_ZN12GNStyleLayer8FruitCutEN7cocos2d7CCPointEii","GNStyleLayer::FruitCut(cocos2d::CCPoint, int, int)","app","entities","0.99","DER-NATIVE-001;DER-NATIVE-CORPUS-001"
"0x00151a0d","0x00151a0c","1","1080","_ZN12GNStyleLayer7onEnterEv","GNStyleLayer::onEnter()","app","gameplay","0.99","DER-NATIVE-001;DER-NATIVE-CORPUS-001"
"0x00151e45","0x00151e44","1","104","_ZN12GNStyleLayerC2Ev","GNStyleLayer::GNStyleLayer()","app","gameplay","0.99","DER-NATIVE-001;DER-NATIVE-CORPUS-001"
"0x00151ead","0x00151eac","1","30","_ZN12GNStyleLayer17GetReplayInstanceEv","GNStyleLayer::GetReplayInstance()","app","gameplay","0.99","DER-NATIVE-001;DER-NATIVE-CORPUS-001"
"0x00151ecb","0x00151eca","1","168","_ZN12GNStyleLayer11AddParticleEiiffifN7cocos2d7CCPointEPKcbb","GNStyleLayer::AddParticle(int, int, float, float, int, float, cocos2d::CCPoint, char const*, bool, bool)","app","gameplay","0.99","DER-NATIVE-001;DER-NATIVE-CORPUS-001"
"0x00151f75","0x00151f74","1","25926","_ZN12GNStyleLayer22InitParticlesExplosionEv","GNStyleLayer::InitParticlesExplosion()","app","gameplay","0.99","DER-NATIVE-001;DER-NATIVE-CORPUS-001"
"0x00158e9c","0x00158e9c","0","20","_ZThn228_N16LeaderboardLayerD1Ev","non-virtual thunk to LeaderboardLayer::~LeaderboardLayer()","app","presentation","0.99","DER-NATIVE-001;DER-NATIVE-CORPUS-001"
"0x00158eb1","0x00158eb0","1","72","_ZN16LeaderboardLayerD2Ev","LeaderboardLayer::~LeaderboardLayer()","app","presentation","0.99","DER-NATIVE-001;DER-NATIVE-CORPUS-001"
"0x00158ef8","0x00158ef8","0","20","_ZThn228_N16LeaderboardLayerD0Ev","non-virtual thunk to LeaderboardLayer::~LeaderboardLayer()","app","presentation","0.99","DER-NATIVE-001;DER-NATIVE-CORPUS-001"
"0x00158f0d","0x00158f0c","1","18","_ZN16LeaderboardLayerD0Ev","LeaderboardLayer::~LeaderboardLayer()","app","presentation","0.99","DER-NATIVE-001;DER-NATIVE-CORPUS-001"
"0x00158eb1","0x00158eb0","1","72","_ZN16LeaderboardLayerD1Ev","LeaderboardLayer::~LeaderboardLayer()","app","presentation","0.99","DER-NATIVE-001;DER-NATIVE-CORPUS-001"
"0x00158f21","0x00158f20","1","100","_ZN16LeaderboardLayer12backCallbackEPN7cocos2d8CCObjectE","LeaderboardLayer::backCallback(cocos2d::CCObject*)","app","presentation","0.99","DER-NATIVE-001;DER-NATIVE-CORPUS-001"
"0x00158f85","0x00158f84","1","92","_ZN16LeaderboardLayer17onHorizontalFlickEPN7cocos2d8CCObjectE","LeaderboardLayer::onHorizontalFlick(cocos2d::CCObject*)","app","presentation","0.99","DER-NATIVE-001;DER-NATIVE-CORPUS-001"
"0x00158fe1","0x00158fe0","1","136","_ZN16LeaderboardLayerC2Ev","LeaderboardLayer::LeaderboardLayer()","app","presentation","0.99","DER-NATIVE-001;DER-NATIVE-CORPUS-001"
"0x00159089","0x00159088","1","38","_ZN16LeaderboardLayer12canMoveRightEv","LeaderboardLayer::canMoveRight()","app","presentation","0.99","DER-NATIVE-001;DER-NATIVE-CORPUS-001"
"0x001590af","0x001590ae","1","48","_ZN16LeaderboardLayer11canMoveLeftEv","LeaderboardLayer::canMoveLeft()","app","presentation","0.99","DER-NATIVE-001;DER-NATIVE-CORPUS-001"
"0x001590df","0x001590de","1","142","_ZN16LeaderboardLayer19updateForCurrentIdxEv","LeaderboardLayer::updateForCurrentIdx()","app","presentation","0.99","DER-NATIVE-001;DER-NATIVE-CORPUS-001"
"0x0015916d","0x0015916c","1","114","_ZN16LeaderboardLayer16onHorizontalDragEPN7cocos2d8CCObjectE","LeaderboardLayer::onHorizontalDrag(cocos2d::CCObject*)","app","presentation","0.99","DER-NATIVE-001;DER-NATIVE-CORPUS-001"
"0x001591e1","0x001591e0","1","292","_ZN16LeaderboardLayer6updateEf","LeaderboardLayer::update(float)","app","presentation","0.99","DER-NATIVE-001;DER-NATIVE-CORPUS-001"
"0x00159421","0x00159420","1","1114","_ZN16LeaderboardLayer7onEnterEv","LeaderboardLayer::onEnter()","app","presentation","0.99","DER-NATIVE-001;DER-NATIVE-CORPUS-001"
"0x00158fe1","0x00158fe0","1","136","_ZN16LeaderboardLayerC1Ev","LeaderboardLayer::LeaderboardLayer()","app","presentation","0.99","DER-NATIVE-001;DER-NATIVE-CORPUS-001"
"0x0015a9e9","0x0015a9e8","1","52","_ZN13MainMenuLayer12exitCallbackEPN7cocos2d8CCObjectE","MainMenuLayer::exitCallback(cocos2d::CCObject*)","app","presentation","0.99","DER-NATIVE-001;DER-NATIVE-CORPUS-001"
"0x0015aa1d","0x0015aa1c","1","160","_ZN13MainMenuLayer13delayCallbackEv","MainMenuLayer::delayCallback()","app","presentation","0.99","DER-NATIVE-001;DER-NATIVE-CORPUS-001"
"0x0015bf29","0x0015bf28","1","96","_ZN15ModeSelectLayerC1Ev","ModeSelectLayer::ModeSelectLayer()","app","gameplay","0.99","DER-NATIVE-001;DER-NATIVE-CORPUS-001"
"0x0015d761","0x0015d760","1","172","_ZN15ObjectivesLayerC1Ev","ObjectivesLayer::ObjectivesLayer()","app","progression","0.99","DER-NATIVE-001;DER-NATIVE-CORPUS-001"
"0x0015aabd","0x0015aabc","1","308","_ZN13MainMenuLayer16addHeartCallbackEv","MainMenuLayer::addHeartCallback()","app","presentation","0.99","DER-NATIVE-001;DER-NATIVE-CORPUS-001"
"0x0015abf1","0x0015abf0","1","100","_ZN13MainMenuLayer15optionsCallbackEPN7cocos2d8CCObjectE","MainMenuLayer::optionsCallback(cocos2d::CCObject*)","app","presentation","0.99","DER-NATIVE-001;DER-NATIVE-CORPUS-001"
"0x0015fbb9","0x0015fbb8","1","76","_ZN12OptionsLayerC1Ev","OptionsLayer::OptionsLayer()","app","presentation","0.99","DER-NATIVE-001;DER-NATIVE-CORPUS-001"
"0x0015ac55","0x0015ac54","1","100","_ZN13MainMenuLayer13aboutCallbackEPN7cocos2d8CCObjectE","MainMenuLayer::aboutCallback(cocos2d::CCObject*)","app","presentation","0.99","DER-NATIVE-001;DER-NATIVE-CORPUS-001"
"0x0015acb9","0x0015acb8","1","3248","_ZN13MainMenuLayer7onEnterEv","MainMenuLayer::onEnter()","app","presentation","0.99","DER-NATIVE-001;DER-NATIVE-CORPUS-001"
"0x0015bacd","0x0015bacc","1","68","_ZN13MainMenuLayer13musicCallbackEPN7cocos2d8CCObjectE","MainMenuLayer::musicCallback(cocos2d::CCObject*)","app","presentation","0.99","DER-NATIVE-001;DER-NATIVE-CORPUS-001"
"0x0015ba95","0x0015ba94","1","56","_ZN13MainMenuLayer14effectCallbackEPN7cocos2d8CCObjectE","MainMenuLayer::effectCallback(cocos2d::CCObject*)","app","presentation","0.99","DER-NATIVE-001;DER-NATIVE-CORPUS-001"
"0x0015b969","0x0015b968","1","84","_ZN13MainMenuLayer14reviewCallbackEPN7cocos2d8CCObjectE","MainMenuLayer::reviewCallback(cocos2d::CCObject*)","app","presentation","0.99","DER-NATIVE-001;DER-NATIVE-CORPUS-001"
"0x0015ba05","0x0015ba04","1","72","_ZN13MainMenuLayer19leaderBoardCallbackEPN7cocos2d8CCObjectE","MainMenuLayer::leaderBoardCallback(cocos2d::CCObject*)","app","presentation","0.99","DER-NATIVE-001;DER-NATIVE-CORPUS-001"
"0x0015b9bd","0x0015b9bc","1","72","_ZN13MainMenuLayer18objectivesCallbackEPN7cocos2d8CCObjectE","MainMenuLayer::objectivesCallback(cocos2d::CCObject*)","app","presentation","0.99","DER-NATIVE-001;DER-NATIVE-CORPUS-001"
"0x0015ba4d","0x0015ba4c","1","72","_ZN13MainMenuLayer15newGameCallbackEPN7cocos2d8CCObjectE","MainMenuLayer::newGameCallback(cocos2d::CCObject*)","app","presentation","0.99","DER-NATIVE-001;DER-NATIVE-CORPUS-001"
"0x0015bb10","0x0015bb10","0","20","_ZThn228_N13MainMenuLayerD1Ev","non-virtual thunk to MainMenuLayer::~MainMenuLayer()","app","presentation","0.99","DER-NATIVE-001;DER-NATIVE-CORPUS-001"
"0x0015bb25","0x0015bb24","1","60","_ZN13MainMenuLayerD2Ev","MainMenuLayer::~MainMenuLayer()","app","presentation","0.99","DER-NATIVE-001;DER-NATIVE-CORPUS-001"
"0x0015bb60","0x0015bb60","0","20","_ZThn228_N13MainMenuLayerD0Ev","non-virtual thunk to MainMenuLayer::~MainMenuLayer()","app","presentation","0.99","DER-NATIVE-001;DER-NATIVE-CORPUS-001"
"0x0015bb75","0x0015bb74","1","18","_ZN13MainMenuLayerD0Ev","MainMenuLayer::~MainMenuLayer()","app","presentation","0.99","DER-NATIVE-001;DER-NATIVE-CORPUS-001"
"0x0015bb25","0x0015bb24","1","60","_ZN13MainMenuLayerD1Ev","MainMenuLayer::~MainMenuLayer()","app","presentation","0.99","DER-NATIVE-001;DER-NATIVE-CORPUS-001"
"0x0015bb89","0x0015bb88","1","140","_ZN13MainMenuLayerC2Ev","MainMenuLayer::MainMenuLayer()","app","presentation","0.99","DER-NATIVE-001;DER-NATIVE-CORPUS-001"
"0x0015bcad","0x0015bcac","1","178","_ZN15ModeSelectLayer13DelayCallbackEv","ModeSelectLayer::DelayCallback()","app","gameplay","0.99","DER-NATIVE-001;DER-NATIVE-CORPUS-001"
"0x0015bd61","0x0015bd60","1","108","_ZN15ModeSelectLayer12backCallbackEPN7cocos2d8CCObjectE","ModeSelectLayer::backCallback(cocos2d::CCObject*)","app","gameplay","0.99","DER-NATIVE-001;DER-NATIVE-CORPUS-001"
"0x0015bdcd","0x0015bdcc","1","8","_ZN15ModeSelectLayer16onBackKeyPressedEPN7cocos2d8CCObjectE","ModeSelectLayer::onBackKeyPressed(cocos2d::CCObject*)","app","gameplay","0.99","DER-NATIVE-001;DER-NATIVE-CORPUS-001"
"0x0015bdd5","0x0015bdd4","1","104","_ZN15ModeSelectLayer17onHorizontalFlickEPN7cocos2d8CCObjectE","ModeSelectLayer::onHorizontalFlick(cocos2d::CCObject*)","app","gameplay","0.99","DER-NATIVE-001;DER-NATIVE-CORPUS-001"
"0x0015be3c","0x0015be3c","0","20","_ZThn228_N15ModeSelectLayerD1Ev","non-virtual thunk to ModeSelectLayer::~ModeSelectLayer()","app","gameplay","0.99","DER-NATIVE-001;DER-NATIVE-CORPUS-001"
"0x0015be51","0x0015be50","1","176","_ZN15ModeSelectLayerD2Ev","ModeSelectLayer::~ModeSelectLayer()","app","gameplay","0.99","DER-NATIVE-001;DER-NATIVE-CORPUS-001"
"0x0015bf00","0x0015bf00","0","20","_ZThn228_N15ModeSelectLayerD0Ev","non-virtual thunk to ModeSelectLayer::~ModeSelectLayer()","app","gameplay","0.99","DER-NATIVE-001;DER-NATIVE-CORPUS-001"
"0x0015bf15","0x0015bf14","1","18","_ZN15ModeSelectLayerD0Ev","ModeSelectLayer::~ModeSelectLayer()","app","gameplay","0.99","DER-NATIVE-001;DER-NATIVE-CORPUS-001"
"0x0015be51","0x0015be50","1","176","_ZN15ModeSelectLayerD1Ev","ModeSelectLayer::~ModeSelectLayer()","app","gameplay","0.99","DER-NATIVE-001;DER-NATIVE-CORPUS-001"
"0x0015bf29","0x0015bf28","1","96","_ZN15ModeSelectLayerC2Ev","ModeSelectLayer::ModeSelectLayer()","app","gameplay","0.99","DER-NATIVE-001;DER-NATIVE-CORPUS-001"
"0x0015bf89","0x0015bf88","1","160","_ZN15ModeSelectLayer19updateForCurrentIdxEv","ModeSelectLayer::updateForCurrentIdx()","app","gameplay","0.99","DER-NATIVE-001;DER-NATIVE-CORPUS-001"
"0x0015c029","0x0015c028","1","54","_ZN15ModeSelectLayer11canMoveLeftEv","ModeSelectLayer::canMoveLeft()","app","gameplay","0.99","DER-NATIVE-001;DER-NATIVE-CORPUS-001"
"0x0015c05f","0x0015c05e","1","44","_ZN15ModeSelectLayer12canMoveRightEv","ModeSelectLayer::canMoveRight()","app","gameplay","0.99","DER-NATIVE-001;DER-NATIVE-CORPUS-001"
"0x0015c08d","0x0015c08c","1","88","_ZN15ModeSelectLayer12ModeSelectedEv","ModeSelectLayer::ModeSelected()","app","gameplay","0.99","DER-NATIVE-001;DER-NATIVE-CORPUS-001"
"0x0015c0e5","0x0015c0e4","1","16","_ZN15ModeSelectLayer17comboBirdCallbackEPN7cocos2d8CCObjectE","ModeSelectLayer::comboBirdCallback(cocos2d::CCObject*)","app","gameplay","0.99","DER-NATIVE-001;DER-NATIVE-CORPUS-001"
"0x0015c0f5","0x0015c0f4","1","16","_ZN15ModeSelectLayer17crazyBirdCallbackEPN7cocos2d8CCObjectE","ModeSelectLayer::crazyBirdCallback(cocos2d::CCObject*)","app","gameplay","0.99","DER-NATIVE-001;DER-NATIVE-CORPUS-001"
"0x0015c105","0x0015c104","1","16","_ZN15ModeSelectLayer19classicBirdCallbackEPN7cocos2d8CCObjectE","ModeSelectLayer::classicBirdCallback(cocos2d::CCObject*)","app","gameplay","0.99","DER-NATIVE-001;DER-NATIVE-CORPUS-001"
"0x0015c115","0x0015c114","1","16","_ZN15ModeSelectLayer15gnstyleCallbackEPN7cocos2d8CCObjectE","ModeSelectLayer::gnstyleCallback(cocos2d::CCObject*)","app","gameplay","0.99","DER-NATIVE-001;DER-NATIVE-CORPUS-001"
"0x0015c125","0x0015c124","1","16","_ZN15ModeSelectLayer13crazyCallbackEPN7cocos2d8CCObjectE","ModeSelectLayer::crazyCallback(cocos2d::CCObject*)","app","gameplay","0.99","DER-NATIVE-001;DER-NATIVE-CORPUS-001"
"0x0015c135","0x0015c134","1","16","_ZN15ModeSelectLayer15classicCallbackEPN7cocos2d8CCObjectE","ModeSelectLayer::classicCallback(cocos2d::CCObject*)","app","gameplay","0.99","DER-NATIVE-001;DER-NATIVE-CORPUS-001"
"0x0015c165","0x0015c164","1","364","_ZN15ModeSelectLayer14unlockCallbackEPN7cocos2d8CCObjectE","ModeSelectLayer::unlockCallback(cocos2d::CCObject*)","app","gameplay","0.99","DER-NATIVE-001;DER-NATIVE-CORPUS-001"
"0x00163f91","0x00163f90","1","52","_ZN8Settings13setModeUnlockEib","Settings::setModeUnlock(int, bool)","app","progression","0.99","DER-NATIVE-001;DER-NATIVE-CORPUS-001"
"0x0015c2d1","0x0015c2d0","1","114","_ZN15ModeSelectLayer16onHorizontalDragEPN7cocos2d8CCObjectE","ModeSelectLayer::onHorizontalDrag(cocos2d::CCObject*)","app","gameplay","0.99","DER-NATIVE-001;DER-NATIVE-CORPUS-001"
"0x0015c345","0x0015c344","1","308","_ZN15ModeSelectLayer6updateEf","ModeSelectLayer::update(float)","app","gameplay","0.99","DER-NATIVE-001;DER-NATIVE-CORPUS-001"
"0x0015c595","0x0015c594","1","2340","_ZN15ModeSelectLayer7onEnterEv","ModeSelectLayer::onEnter()","app","gameplay","0.99","DER-NATIVE-001;DER-NATIVE-CORPUS-001"
"0x001616af","0x001616ae","1","6","_ZN12PhysicsLayer20setVelocityIterationEf","PhysicsLayer::setVelocityIteration(float)","app","physics","0.99","DER-NATIVE-001;DER-NATIVE-CORPUS-001"
"0x001616b5","0x001616b4","1","6","_ZN12PhysicsLayer20setPositionIterationEf","PhysicsLayer::setPositionIteration(float)","app","physics","0.99","DER-NATIVE-001;DER-NATIVE-CORPUS-001"
"0x00163f65","0x00163f64","1","44","_ZN8Settings13getModeUnlockEi","Settings::getModeUnlock(int)","app","progression","0.99","DER-NATIVE-001;DER-NATIVE-CORPUS-001"
"0x0015d0a9","0x0015d0a8","1","4","_ZN13ObjectiveItem11getPositionEv","ObjectiveItem::getPosition()","app","progression","0.99","DER-NATIVE-001;DER-NATIVE-CORPUS-001"
"0x0015d0ad","0x0015d0ac","1","28","_ZN13ObjectiveItemD2Ev","ObjectiveItem::~ObjectiveItem()","app","progression","0.99","DER-NATIVE-001;DER-NATIVE-CORPUS-001"
"0x0015d0c9","0x0015d0c8","1","18","_ZN13ObjectiveItemD0Ev","ObjectiveItem::~ObjectiveItem()","app","progression","0.99","DER-NATIVE-001;DER-NATIVE-CORPUS-001"
"0x0015d0ad","0x0015d0ac","1","28","_ZN13ObjectiveItemD1Ev","ObjectiveItem::~ObjectiveItem()","app","progression","0.99","DER-NATIVE-001;DER-NATIVE-CORPUS-001"
"0x0015d0dd","0x0015d0dc","1","64","_ZN13ObjectiveItemC2Ev","ObjectiveItem::ObjectiveItem()","app","progression","0.99","DER-NATIVE-001;DER-NATIVE-CORPUS-001"
"0x0015d11d","0x0015d11c","1","10","_ZN13ObjectiveItem13Achi_IsFinishEi","ObjectiveItem::Achi_IsFinish(int)","app","progression","0.99","DER-NATIVE-001;DER-NATIVE-CORPUS-001"
"0x0015e009","0x0015e008","1","14","_ZN17ObjectivesManager13Achi_IsFinishEi","ObjectivesManager::Achi_IsFinish(int)","app","progression","0.99","DER-NATIVE-001;DER-NATIVE-CORPUS-001"
"0x0015d127","0x0015d126","1","10","_ZN13ObjectiveItem11Achi_IsLoseEi","ObjectiveItem::Achi_IsLose(int)","app","progression","0.99","DER-NATIVE-001;DER-NATIVE-CORPUS-001"
"0x0015e023","0x0015e022","1","22","_ZN17ObjectivesManager11Achi_IsLoseEi","ObjectivesManager::Achi_IsLose(int)","app","progression","0.99","DER-NATIVE-001;DER-NATIVE-CORPUS-001"
"0x0015d131","0x0015d130","1","6","_ZN13ObjectiveItem5setIDEi","ObjectiveItem::setID(int)","app","progression","0.99","DER-NATIVE-001;DER-NATIVE-CORPUS-001"
"0x0015d137","0x0015d136","1","52","_ZN13ObjectiveItem6createEiN7cocos2d7CCPointE","ObjectiveItem::create(int, cocos2d::CCPoint)","app","progression","0.99","DER-NATIVE-001;DER-NATIVE-CORPUS-001"
"0x0015d0dd","0x0015d0dc","1","64","_ZN13ObjectiveItemC1Ev","ObjectiveItem::ObjectiveItem()","app","progression","0.99","DER-NATIVE-001;DER-NATIVE-CORPUS-001"
"0x0015d16d","0x0015d16c","1","156","_ZN13ObjectiveItem10UpdateTextEv","ObjectiveItem::UpdateText()","app","progression","0.99","DER-NATIVE-001;DER-NATIVE-CORPUS-001"
"0x0015d209","0x0015d208","1","92","_ZN13ObjectiveItem16UpdateBackgroundEv","ObjectiveItem::UpdateBackground()","app","progression","0.99","DER-NATIVE-001;DER-NATIVE-CORPUS-001"
"0x0015d265","0x0015d264","1","248","_ZN13ObjectiveItem14updatePositionEv","ObjectiveItem::updatePosition()","app","progression","0.99","DER-NATIVE-001;DER-NATIVE-CORPUS-001"
"0x0015d35d","0x0015d35c","1","18","_ZN13ObjectiveItem11setPositionERKN7cocos2d7CCPointE","ObjectiveItem::setPosition(cocos2d::CCPoint const&)","app","progression","0.99","DER-NATIVE-001;DER-NATIVE-CORPUS-001"
"0x0015d36f","0x0015d36e","1","36","_ZN13ObjectiveItem4MoveEff","ObjectiveItem::Move(float, float)","app","progression","0.99","DER-NATIVE-001;DER-NATIVE-CORPUS-001"
"0x0015d395","0x0015d394","1","492","_ZN13ObjectiveItem7onEnterEv","ObjectiveItem::onEnter()","app","progression","0.99","DER-NATIVE-001;DER-NATIVE-CORPUS-001"
"0x0015d581","0x0015d580","1","6","_ZN13ObjectiveItem15setCustomSpriteEPN7cocos2d8CCSpriteE","ObjectiveItem::setCustomSprite(cocos2d::CCSprite*)","app","progression","0.99","DER-NATIVE-001;DER-NATIVE-CORPUS-001"
"0x0015d5e0","0x0015d5e0","0","20","_ZThn228_N15ObjectivesLayerD1Ev","non-virtual thunk to ObjectivesLayer::~ObjectivesLayer()","app","progression","0.99","DER-NATIVE-001;DER-NATIVE-CORPUS-001"
"0x0015d5f5","0x0015d5f4","1","116","_ZN15ObjectivesLayerD2Ev","ObjectivesLayer::~ObjectivesLayer()","app","progression","0.99","DER-NATIVE-001;DER-NATIVE-CORPUS-001"
"0x0015d668","0x0015d668","0","20","_ZThn228_N15ObjectivesLayerD0Ev","non-virtual thunk to ObjectivesLayer::~ObjectivesLayer()","app","progression","0.99","DER-NATIVE-001;DER-NATIVE-CORPUS-001"
"0x0015d67d","0x0015d67c","1","18","_ZN15ObjectivesLayerD0Ev","ObjectivesLayer::~ObjectivesLayer()","app","progression","0.99","DER-NATIVE-001;DER-NATIVE-CORPUS-001"
"0x0015d5f5","0x0015d5f4","1","116","_ZN15ObjectivesLayerD1Ev","ObjectivesLayer::~ObjectivesLayer()","app","progression","0.99","DER-NATIVE-001;DER-NATIVE-CORPUS-001"
"0x0015d690","0x0015d690","0","20","_ZThn236_N15ObjectivesLayer14keyBackClickedEv","non-virtual thunk to ObjectivesLayer::keyBackClicked()","app","progression","0.99","DER-NATIVE-001;DER-NATIVE-CORPUS-001"
"0x0015d6a5","0x0015d6a4","1","70","_ZN15ObjectivesLayer14keyBackClickedEv","ObjectivesLayer::keyBackClicked()","app","progression","0.99","DER-NATIVE-001;DER-NATIVE-CORPUS-001"
"0x0015d6ed","0x0015d6ec","1","108","_ZN15ObjectivesLayer12backCallbackEPN7cocos2d8CCObjectE","ObjectivesLayer::backCallback(cocos2d::CCObject*)","app","progression","0.99","DER-NATIVE-001;DER-NATIVE-CORPUS-001"
"0x0015d759","0x0015d758","1","8","_ZN15ObjectivesLayer6updateEf","ObjectivesLayer::update(float)","app","progression","0.99","DER-NATIVE-001;DER-NATIVE-CORPUS-001"
"0x0015d761","0x0015d760","1","172","_ZN15ObjectivesLayerC2Ev","ObjectivesLayer::ObjectivesLayer()","app","progression","0.99","DER-NATIVE-001;DER-NATIVE-CORPUS-001"
"0x0015d82d","0x0015d82c","1","142","_ZN15ObjectivesLayer16UpdateCurrentIdxEv","ObjectivesLayer::UpdateCurrentIdx()","app","progression","0.99","DER-NATIVE-001;DER-NATIVE-CORPUS-001"
"0x0015d8bb","0x0015d8ba","1","40","_ZN15ObjectivesLayer13CanMoveBottomEv","ObjectivesLayer::CanMoveBottom()","app","progression","0.99","DER-NATIVE-001;DER-NATIVE-CORPUS-001"
"0x0015d8e3","0x0015d8e2","1","52","_ZN15ObjectivesLayer10CanMoveTopEv","ObjectivesLayer::CanMoveTop()","app","progression","0.99","DER-NATIVE-001;DER-NATIVE-CORPUS-001"
"0x0015d917","0x0015d916","1","120","_ZN15ObjectivesLayer14ccVerticleDragEPN7cocos2d7CCTouchEPNS0_7CCEventE","ObjectivesLayer::ccVerticleDrag(cocos2d::CCTouch*, cocos2d::CCEvent*)","app","progression","0.99","DER-NATIVE-001;DER-NATIVE-CORPUS-001"
"0x0015d991","0x0015d990","1","116","_ZN15ObjectivesLayer12skipCakkbackEPN7cocos2d8CCObjectE","ObjectivesLayer::skipCakkback(cocos2d::CCObject*)","app","progression","0.99","DER-NATIVE-001;DER-NATIVE-CORPUS-001"
"0x0015e675","0x0015e674","1","36","_ZN17ObjectivesManager9Achi_SkipEi","ObjectivesManager::Achi_Skip(int)","app","progression","0.99","DER-NATIVE-001;DER-NATIVE-CORPUS-001"
"0x0015dafd","0x0015dafc","1","1204","_ZN15ObjectivesLayer7onEnterEv","ObjectivesLayer::onEnter()","app","progression","0.99","DER-NATIVE-001;DER-NATIVE-CORPUS-001"
"0x0015e017","0x0015e016","1","12","_ZN17ObjectivesManager13Achi_SetValueEii","ObjectivesManager::Achi_SetValue(int, int)","app","progression","0.99","DER-NATIVE-001;DER-NATIVE-CORPUS-001"
"0x00163f39","0x00163f38","1","44","_ZN8Settings18setObjectivesValueEii","Settings::setObjectivesValue(int, int)","app","progression","0.99","DER-NATIVE-001;DER-NATIVE-CORPUS-001"
"0x0015e039","0x0015e038","1","16","_ZN17ObjectivesManager12Achi_SetLoseEi","ObjectivesManager::Achi_SetLose(int)","app","progression","0.99","DER-NATIVE-001;DER-NATIVE-CORPUS-001"
"0x0015e049","0x0015e048","1","18","_ZN17ObjectivesManager10Achi_ValueEi","ObjectivesManager::Achi_Value(int)","app","progression","0.99","DER-NATIVE-001;DER-NATIVE-CORPUS-001"
"0x0015e06d","0x0015e06c","1","1544","_ZN17ObjectivesManager16PopupAchievementEi","ObjectivesManager::PopupAchievement(int)","app","progression","0.99","DER-NATIVE-001;DER-NATIVE-CORPUS-001"
"0x0015e699","0x0015e698","1","64","_ZN17ObjectivesManager14Achi_SetFinishEi","ObjectivesManager::Achi_SetFinish(int)","app","progression","0.99","DER-NATIVE-001;DER-NATIVE-CORPUS-001"
"0x0015e6d9","0x0015e6d8","1","188","_ZN17ObjectivesManager16AchievementEventEibi","ObjectivesManager::AchievementEvent(int, bool, int)","app","progression","0.99","DER-NATIVE-001;DER-NATIVE-CORPUS-001"
"0x0015e9f1","0x0015e9f0","1","304","_ZN12OptionsLayer16BuyBladeCallbackEPN7cocos2d8CCObjectE","OptionsLayer::BuyBladeCallback(cocos2d::CCObject*)","app","physics","0.99","DER-NATIVE-001;DER-NATIVE-CORPUS-001"
"0x00162f07","0x00162f06","1","6","_ZN11SelectItems15getSelectedItemEv","SelectItems::getSelectedItem()","app","unclassified","0.99","DER-NATIVE-001;DER-NATIVE-CORPUS-001"
"0x00163c69","0x00163c68","1","64","_ZN8Settings13GetBladePriceEi","Settings::GetBladePrice(int)","app","physics","0.99","DER-NATIVE-001;DER-NATIVE-CORPUS-001"
"0x00163d99","0x00163d98","1","268","_ZN8Settings13PurchaseBladeEi","Settings::PurchaseBlade(int)","app","physics","0.99","DER-NATIVE-001;DER-NATIVE-CORPUS-001"
"0x0015eb21","0x0015eb20","1","304","_ZN12OptionsLayer21BuyBackgroundCallbackEPN7cocos2d8CCObjectE","OptionsLayer::BuyBackgroundCallback(cocos2d::CCObject*)","app","presentation","0.99","DER-NATIVE-001;DER-NATIVE-CORPUS-001"
"0x00163ca9","0x00163ca8","1","64","_ZN8Settings18GetBackgroundPriceEi","Settings::GetBackgroundPrice(int)","app","progression","0.99","DER-NATIVE-001;DER-NATIVE-CORPUS-001"
"0x00163ce9","0x00163ce8","1","176","_ZN8Settings18PurchaseBackgroundEi","Settings::PurchaseBackground(int)","app","progression","0.99","DER-NATIVE-001;DER-NATIVE-CORPUS-001"
"0x0015ec51","0x0015ec50","1","180","_ZN12OptionsLayer20SelectedBladeChangedEPN7cocos2d8CCObjectE","OptionsLayer::SelectedBladeChanged(cocos2d::CCObject*)","app","physics","0.99","DER-NATIVE-001;DER-NATIVE-CORPUS-001"
"0x0015ed05","0x0015ed04","1","176","_ZN12OptionsLayer25SelectedBackgroundChangedEPN7cocos2d8CCObjectE","OptionsLayer::SelectedBackgroundChanged(cocos2d::CCObject*)","app","presentation","0.99","DER-NATIVE-001;DER-NATIVE-CORPUS-001"
"0x00163efd","0x00163efc","1","16","_ZN8Settings21setSelectedBackgroundEi","Settings::setSelectedBackground(int)","app","progression","0.99","DER-NATIVE-001;DER-NATIVE-CORPUS-001"
"0x0015edb5","0x0015edb4","1","508","_ZN12OptionsLayer14BladesCallbackEv","OptionsLayer::BladesCallback()","app","physics","0.99","DER-NATIVE-001;DER-NATIVE-CORPUS-001"
"0x00162ed1","0x00162ed0","1","48","_ZN11SelectItemsC1Ev","SelectItems::SelectItems()","app","unclassified","0.99","DER-NATIVE-001;DER-NATIVE-CORPUS-001"
"0x00162f0d","0x00162f0c","1","14","_ZN11SelectItems14RegisterEventsEPN7cocos2d8CCObjectEMS1_FvS2_E","SelectItems::RegisterEvents(cocos2d::CCObject*, void (cocos2d::CCObject::*)(cocos2d::CCObject*))","app","unclassified","0.99","DER-NATIVE-001;DER-NATIVE-CORPUS-001"
"0x00163015","0x00163014","1","38","_ZN11SelectItems12AddItemImageEPN7cocos2d11CCTexture2DE","SelectItems::AddItemImage(cocos2d::CCTexture2D*)","app","unclassified","0.99","DER-NATIVE-001;DER-NATIVE-CORPUS-001"
"0x00163ecd","0x00163ecc","1","16","_ZN8Settings16getSelectedThemeEv","Settings::getSelectedTheme()","app","progression","0.99","DER-NATIVE-001;DER-NATIVE-CORPUS-001"
"0x00162f01","0x00162f00","1","6","_ZN11SelectItems15setSelectedItemEi","SelectItems::setSelectedItem(int)","app","unclassified","0.99","DER-NATIVE-001;DER-NATIVE-CORPUS-001"
"0x0015fb7d","0x0015fb7c","1","60","_ZN12OptionsLayer20SelectedThemeChangedEPN7cocos2d8CCObjectE","OptionsLayer::SelectedThemeChanged(cocos2d::CCObject*)","app","presentation","0.99","DER-NATIVE-001;DER-NATIVE-CORPUS-001"
"0x0015efb1","0x0015efb0","1","900","_ZN12OptionsLayer19BackgroundsCallbackEv","OptionsLayer::BackgroundsCallback()","app","presentation","0.99","DER-NATIVE-001;DER-NATIVE-CORPUS-001"
"0x0015f339","0x0015f338","1","816","_ZN12OptionsLayer20OptionsTitleCallbackEv","OptionsLayer::OptionsTitleCallback()","app","presentation","0.99","DER-NATIVE-001;DER-NATIVE-CORPUS-001"
"0x0015f669","0x0015f668","1","1172","_ZN12OptionsLayer7onEnterEv","OptionsLayer::onEnter()","app","presentation","0.99","DER-NATIVE-001;DER-NATIVE-CORPUS-001"
"0x0015fafd","0x0015fafc","1","8","_ZN12OptionsLayer15ShowAdsCallbackEv","OptionsLayer::ShowAdsCallback()","app","presentation","0.99","DER-NATIVE-001;DER-NATIVE-CORPUS-001"
"0x0015fc49","0x0015fc48","1","108","_ZN12OptionsLayer18BackButtonCallbackEPN7cocos2d8CCObjectE","OptionsLayer::BackButtonCallback(cocos2d::CCObject*)","app","presentation","0.99","DER-NATIVE-001;DER-NATIVE-CORPUS-001"
"0x0015fb04","0x0015fb04","0","20","_ZThn228_N12OptionsLayerD1Ev","non-virtual thunk to OptionsLayer::~OptionsLayer()","app","presentation","0.99","DER-NATIVE-001;DER-NATIVE-CORPUS-001"
"0x0015fb19","0x0015fb18","1","60","_ZN12OptionsLayerD2Ev","OptionsLayer::~OptionsLayer()","app","presentation","0.99","DER-NATIVE-001;DER-NATIVE-CORPUS-001"
"0x0015fb54","0x0015fb54","0","20","_ZThn228_N12OptionsLayerD0Ev","non-virtual thunk to OptionsLayer::~OptionsLayer()","app","presentation","0.99","DER-NATIVE-001;DER-NATIVE-CORPUS-001"
"0x0015fb69","0x0015fb68","1","18","_ZN12OptionsLayerD0Ev","OptionsLayer::~OptionsLayer()","app","presentation","0.99","DER-NATIVE-001;DER-NATIVE-CORPUS-001"
"0x0015fb19","0x0015fb18","1","60","_ZN12OptionsLayerD1Ev","OptionsLayer::~OptionsLayer()","app","presentation","0.99","DER-NATIVE-001;DER-NATIVE-CORPUS-001"
"0x00163edd","0x00163edc","1","16","_ZN8Settings16setSelectedThemeEi","Settings::setSelectedTheme(int)","app","progression","0.99","DER-NATIVE-001;DER-NATIVE-CORPUS-001"
"0x0015fbb9","0x0015fbb8","1","76","_ZN12OptionsLayerC2Ev","OptionsLayer::OptionsLayer()","app","presentation","0.99","DER-NATIVE-001;DER-NATIVE-CORPUS-001"
"0x0015fc05","0x0015fc04","1","68","_ZN12OptionsLayer18CheckPurchaseItemsEv","OptionsLayer::CheckPurchaseItems()","app","presentation","0.99","DER-NATIVE-001;DER-NATIVE-CORPUS-001"
"0x0016023f","0x0016023e","1","22","_ZN14ParticleObject8SetColorEN7cocos2d10_ccColor3BE","ParticleObject::SetColor(cocos2d::_ccColor3B)","app","unclassified","0.99","DER-NATIVE-001;DER-NATIVE-CORPUS-001"
"0x0016022d","0x0016022c","1","6","_ZN14ParticleObject13SetAutoDeleteEb","ParticleObject::SetAutoDelete(bool)","app","unclassified","0.99","DER-NATIVE-001;DER-NATIVE-CORPUS-001"
"0x0015ffa9","0x0015ffa8","1","208","_ZN14ParticleObject7onEnterEv","ParticleObject::onEnter()","app","unclassified","0.99","DER-NATIVE-001;DER-NATIVE-CORPUS-001"
"0x001600a7","0x001600a6","1","36","_ZN14ParticleObject16FinishedCallbackEv","ParticleObject::FinishedCallback()","app","unclassified","0.99","DER-NATIVE-001;DER-NATIVE-CORPUS-001"
"0x00160079","0x00160078","1","28","_ZN14ParticleObjectD2Ev","ParticleObject::~ParticleObject()","app","unclassified","0.99","DER-NATIVE-001;DER-NATIVE-CORPUS-001"
"0x00160095","0x00160094","1","18","_ZN14ParticleObjectD0Ev","ParticleObject::~ParticleObject()","app","unclassified","0.99","DER-NATIVE-001;DER-NATIVE-CORPUS-001"
"0x00160079","0x00160078","1","28","_ZN14ParticleObjectD1Ev","ParticleObject::~ParticleObject()","app","unclassified","0.99","DER-NATIVE-001;DER-NATIVE-CORPUS-001"
"0x001600cd","0x001600cc","1","100","_ZN14ParticleObjectC2EPKcf","ParticleObject::ParticleObject(char const*, float)","app","unclassified","0.99","DER-NATIVE-001;DER-NATIVE-CORPUS-001"
"0x00160131","0x00160130","1","40","_ZN14ParticleObject13RandomRotaionEv","ParticleObject::RandomRotaion()","app","unclassified","0.99","DER-NATIVE-001;DER-NATIVE-CORPUS-001"
"0x00160159","0x00160158","1","38","_ZN14ParticleObject13RandomRotaionEff","ParticleObject::RandomRotaion(float, float)","app","unclassified","0.99","DER-NATIVE-001;DER-NATIVE-CORPUS-001"
"0x001601f9","0x001601f8","1","52","_ZN14ParticleObject17SetVectorRotationEv","ParticleObject::SetVectorRotation()","app","unclassified","0.99","DER-NATIVE-001;DER-NATIVE-CORPUS-001"
"0x001602b5","0x001602b4","1","12","_ZN17PhysicsBladeLayer13DelayCallbackEv","PhysicsBladeLayer::DelayCallback()","app","physics","0.99","DER-NATIVE-001;DER-NATIVE-CORPUS-001"
"0x001615fd","0x001615fc","1","62","_ZN12PhysicsLayer6updateEf","PhysicsLayer::update(float)","app","physics","0.99","DER-NATIVE-001;DER-NATIVE-CORPUS-001"
"0x0016163d","0x0016163c","1","108","_ZN12PhysicsLayerC2Ev","PhysicsLayer::PhysicsLayer()","app","physics","0.99","DER-NATIVE-001;DER-NATIVE-CORPUS-001"
"0x00160f49","0x00160f48","1","58","_ZN17PhysicsBladeLayer12LenghtVectorEN7cocos2d7CCPointES1_","PhysicsBladeLayer::LenghtVector(cocos2d::CCPoint, cocos2d::CCPoint)","app","physics","0.99","DER-NATIVE-001;DER-NATIVE-CORPUS-001"
"0x00160f83","0x00160f82","1","96","_ZN17PhysicsBladeLayer10ExtraPointEN7cocos2d7CCPointES1_i","PhysicsBladeLayer::ExtraPoint(cocos2d::CCPoint, cocos2d::CCPoint, int)","app","physics","0.99","DER-NATIVE-001;DER-NATIVE-CORPUS-001"
"0x00161a65","0x00161a64","1","6","_ZN16RaysCastCallback16ClearFixtureListEv","RaysCastCallback::ClearFixtureList()","app","unclassified","0.99","DER-NATIVE-001;DER-NATIVE-CORPUS-001"
"0x00161ac5","0x00161ac4","1","14","_ZN16RaysCastCallback14getFixtureListEv","RaysCastCallback::getFixtureList()","app","unclassified","0.99","DER-NATIVE-001;DER-NATIVE-CORPUS-001"
"0x00161559","0x00161558","1","76","_ZN12PhysicsLayer7onEnterEv","PhysicsLayer::onEnter()","app","physics","0.99","DER-NATIVE-001;DER-NATIVE-CORPUS-001"
"0x0016288d","0x0016288c","1","88","_ZN12ScoreManagerC1Ev","ScoreManager::ScoreManager()","app","scoring","0.99","DER-NATIVE-001;DER-NATIVE-CORPUS-001"
"0x00161a4d","0x00161a4c","1","24","_ZN16RaysCastCallbackC1Ev","RaysCastCallback::RaysCastCallback()","app","unclassified","0.99","DER-NATIVE-001;DER-NATIVE-CORPUS-001"
"0x001604e1","0x001604e0","1","184","_ZN17PhysicsBladeLayerC1Ev","PhysicsBladeLayer::PhysicsBladeLayer()","app","physics","0.99","DER-NATIVE-001;DER-NATIVE-CORPUS-001"
"0x001614e0","0x001614e0","0","20","_ZThn228_N12PhysicsLayerD1Ev","non-virtual thunk to PhysicsLayer::~PhysicsLayer()","app","physics","0.99","DER-NATIVE-001;DER-NATIVE-CORPUS-001"
"0x001614f5","0x001614f4","1","60","_ZN12PhysicsLayerD2Ev","PhysicsLayer::~PhysicsLayer()","app","physics","0.99","DER-NATIVE-001;DER-NATIVE-CORPUS-001"
"0x00161530","0x00161530","0","20","_ZThn228_N12PhysicsLayerD0Ev","non-virtual thunk to PhysicsLayer::~PhysicsLayer()","app","physics","0.99","DER-NATIVE-001;DER-NATIVE-CORPUS-001"
"0x00161545","0x00161544","1","18","_ZN12PhysicsLayerD0Ev","PhysicsLayer::~PhysicsLayer()","app","physics","0.99","DER-NATIVE-001;DER-NATIVE-CORPUS-001"
"0x001614f5","0x001614f4","1","60","_ZN12PhysicsLayerD1Ev","PhysicsLayer::~PhysicsLayer()","app","physics","0.99","DER-NATIVE-001;DER-NATIVE-CORPUS-001"
"0x001615a5","0x001615a4","1","88","_ZN12PhysicsLayer20SpeedUpDelayCallbackEv","PhysicsLayer::SpeedUpDelayCallback()","app","physics","0.99","DER-NATIVE-001;DER-NATIVE-CORPUS-001"
"0x001616cf","0x001616ce","1","6","_ZN12PhysicsLayer13SetWorldSpeedEf","PhysicsLayer::SetWorldSpeed(float)","app","physics","0.99","DER-NATIVE-001;DER-NATIVE-CORPUS-001"
"0x0016163d","0x0016163c","1","108","_ZN12PhysicsLayerC1Ev","PhysicsLayer::PhysicsLayer()","app","physics","0.99","DER-NATIVE-001;DER-NATIVE-CORPUS-001"
"0x00161a09","0x00161a08","1","48","_ZN16RaysCastCallbackD2Ev","RaysCastCallback::~RaysCastCallback()","app","unclassified","0.99","DER-NATIVE-001;DER-NATIVE-CORPUS-001"
"0x00161a39","0x00161a38","1","18","_ZN16RaysCastCallbackD0Ev","RaysCastCallback::~RaysCastCallback()","app","unclassified","0.99","DER-NATIVE-001;DER-NATIVE-CORPUS-001"
"0x00161a09","0x00161a08","1","48","_ZN16RaysCastCallbackD1Ev","RaysCastCallback::~RaysCastCallback()","app","unclassified","0.99","DER-NATIVE-001;DER-NATIVE-CORPUS-001"
"0x00161a4d","0x00161a4c","1","24","_ZN16RaysCastCallbackC2Ev","RaysCastCallback::RaysCastCallback()","app","unclassified","0.99","DER-NATIVE-001;DER-NATIVE-CORPUS-001"
"0x00161bcd","0x00161bcc","1","130","_ZN16RaysCastCallback13ReportFixtureEP9b2FixtureRK6b2Vec2S4_f","RaysCastCallback::ReportFixture(b2Fixture*, b2Vec2 const&, b2Vec2 const&, float)","app","unclassified","0.99","DER-NATIVE-001;DER-NATIVE-CORPUS-001"
"0x0016246d","0x0016246c","1","12","_ZN12ScoreManager19ScaleFinishCallbackEv","ScoreManager::ScaleFinishCallback()","app","scoring","0.99","DER-NATIVE-001;DER-NATIVE-CORPUS-001"
"0x00162479","0x00162478","1","28","_ZN12ScoreManagerD2Ev","ScoreManager::~ScoreManager()","app","scoring","0.99","DER-NATIVE-001;DER-NATIVE-CORPUS-001"
"0x00162495","0x00162494","1","18","_ZN12ScoreManagerD0Ev","ScoreManager::~ScoreManager()","app","scoring","0.99","DER-NATIVE-001;DER-NATIVE-CORPUS-001"
"0x00162479","0x00162478","1","28","_ZN12ScoreManagerD1Ev","ScoreManager::~ScoreManager()","app","scoring","0.99","DER-NATIVE-001;DER-NATIVE-CORPUS-001"
"0x001624a9","0x001624a8","1","72","_ZN12ScoreManager19DoubleBeginCallbackEv","ScoreManager::DoubleBeginCallback()","app","scoring","0.99","DER-NATIVE-001;DER-NATIVE-CORPUS-001"
"0x00162b0d","0x00162b0c","1","96","_ZN12ScoreManager20DoubleFinishCallbackEv","ScoreManager::DoubleFinishCallback()","app","scoring","0.99","DER-NATIVE-001;DER-NATIVE-CORPUS-001"
"0x001624f1","0x001624f0","1","924","_ZN12ScoreManager7onEnterEv","ScoreManager::onEnter()","app","scoring","0.99","DER-NATIVE-001;DER-NATIVE-CORPUS-001"
"0x0016288d","0x0016288c","1","88","_ZN12ScoreManagerC2Ev","ScoreManager::ScoreManager()","app","scoring","0.99","DER-NATIVE-001;DER-NATIVE-CORPUS-001"
"0x0016291d","0x0016291c","1","48","_ZN12ScoreManager18UpdateDisplayScoreEi","ScoreManager::UpdateDisplayScore(int)","app","scoring","0.99","DER-NATIVE-001;DER-NATIVE-CORPUS-001"
"0x0016294d","0x0016294c","1","112","_ZN12ScoreManager13ScaleCallbackEv","ScoreManager::ScaleCallback()","app","scoring","0.99","DER-NATIVE-001;DER-NATIVE-CORPUS-001"
"0x001629bd","0x001629bc","1","260","_ZN12ScoreManager6updateEf","ScoreManager::update(float)","app","scoring","0.99","DER-NATIVE-001;DER-NATIVE-CORPUS-001"
"0x00162ac1","0x00162ac0","1","6","_ZN12ScoreManager13getTotalScoreEv","ScoreManager::getTotalScore()","app","scoring","0.99","DER-NATIVE-001;DER-NATIVE-CORPUS-001"
"0x00162c5d","0x00162c5c","1","44","_ZN11SelectItemsD2Ev","SelectItems::~SelectItems()","app","unclassified","0.99","DER-NATIVE-001;DER-NATIVE-CORPUS-001"
"0x00162c89","0x00162c88","1","18","_ZN11SelectItemsD0Ev","SelectItems::~SelectItems()","app","unclassified","0.99","DER-NATIVE-001;DER-NATIVE-CORPUS-001"
"0x00162c5d","0x00162c5c","1","44","_ZN11SelectItemsD1Ev","SelectItems::~SelectItems()","app","unclassified","0.99","DER-NATIVE-001;DER-NATIVE-CORPUS-001"
"0x00162c9d","0x00162c9c","1","112","_ZN11SelectItems18nextButtonCallbackEPN7cocos2d8CCObjectE","SelectItems::nextButtonCallback(cocos2d::CCObject*)","app","unclassified","0.99","DER-NATIVE-001;DER-NATIVE-CORPUS-001"
"0x00162d0d","0x00162d0c","1","336","_ZN11SelectItems7onEnterEv","SelectItems::onEnter()","app","unclassified","0.99","DER-NATIVE-001;DER-NATIVE-CORPUS-001"
"0x00162e5d","0x00162e5c","1","116","_ZN11SelectItems18prevButtonCallbackEPN7cocos2d8CCObjectE","SelectItems::prevButtonCallback(cocos2d::CCObject*)","app","unclassified","0.99","DER-NATIVE-001;DER-NATIVE-CORPUS-001"
"0x00162ed1","0x00162ed0","1","48","_ZN11SelectItemsC2Ev","SelectItems::SelectItems()","app","unclassified","0.99","DER-NATIVE-001;DER-NATIVE-CORPUS-001"
"0x00164975","0x00164974","1","38","_ZN11TimeManager20TimeUpFinishCallbackEv","TimeManager::TimeUpFinishCallback()","app","scoring","0.99","DER-NATIVE-001;DER-NATIVE-CORPUS-001"
"0x0016499d","0x0016499c","1","28","_ZN11TimeManagerD2Ev","TimeManager::~TimeManager()","app","scoring","0.99","DER-NATIVE-001;DER-NATIVE-CORPUS-001"
"0x001649b9","0x001649b8","1","18","_ZN11TimeManagerD0Ev","TimeManager::~TimeManager()","app","scoring","0.99","DER-NATIVE-001;DER-NATIVE-CORPUS-001"
"0x0016499d","0x0016499c","1","28","_ZN11TimeManagerD1Ev","TimeManager::~TimeManager()","app","scoring","0.99","DER-NATIVE-001;DER-NATIVE-CORPUS-001"
"0x001649cd","0x001649cc","1","400","_ZN11TimeManager7onEnterEv","TimeManager::onEnter()","app","scoring","0.99","DER-NATIVE-001;DER-NATIVE-CORPUS-001"
"0x00164b5d","0x00164b5c","1","64","_ZN11TimeManagerC2Ev","TimeManager::TimeManager()","app","scoring","0.99","DER-NATIVE-001;DER-NATIVE-CORPUS-001"
"0x00164c2d","0x00164c2c","1","64","_ZN11TimeManager13DisableFreezeEv","TimeManager::DisableFreeze()","app","scoring","0.99","DER-NATIVE-001;DER-NATIVE-CORPUS-001"
"0x00164c7f","0x00164c7e","1","18","_ZN11TimeManager19setFreezeStartEventEMN7cocos2d8CCObjectEFvPS1_E","TimeManager::setFreezeStartEvent(void (cocos2d::CCObject::*)(cocos2d::CCObject*))","app","scoring","0.99","DER-NATIVE-001;DER-NATIVE-CORPUS-001"
"0x00164c91","0x00164c90","1","18","_ZN11TimeManager20setFreezeFinishEventEMN7cocos2d8CCObjectEFvPS1_E","TimeManager::setFreezeFinishEvent(void (cocos2d::CCObject::*)(cocos2d::CCObject*))","app","scoring","0.99","DER-NATIVE-001;DER-NATIVE-CORPUS-001"
"0x00164d2d","0x00164d2c","1","20","_ZN11TimeManager7RestartEv","TimeManager::Restart()","app","scoring","0.99","DER-NATIVE-001;DER-NATIVE-CORPUS-001"
"0x00164d41","0x00164d40","1","8","_ZN11TimeManager4StopEv","TimeManager::Stop()","app","scoring","0.99","DER-NATIVE-001;DER-NATIVE-CORPUS-001"
"0x00164d49","0x00164d48","1","768","_ZN11TimeManager6updateEf","TimeManager::update(float)","app","scoring","0.99","DER-NATIVE-001;DER-NATIVE-CORPUS-001"
"0x0016518f","0x0016518e","1","68","_ZN8TossTurn21GetRandomTossTurnTimeEv","TossTurn::GetRandomTossTurnTime()","app","gameplay","0.99","DER-NATIVE-001;DER-NATIVE-CORPUS-001"
"0x00165271","0x00165270","1","192","_ZN8TossTurnC1Ev","TossTurn::TossTurn()","app","gameplay","0.99","DER-NATIVE-001;DER-NATIVE-CORPUS-001"
"0x00165879","0x00165878","1","18","_ZN8WaveToss13DelayCallbackEv","WaveToss::DelayCallback()","app","gameplay","0.99","DER-NATIVE-001;DER-NATIVE-CORPUS-001"
"0x0016588d","0x0016588c","1","44","_ZN8WaveTossD2Ev","WaveToss::~WaveToss()","app","gameplay","0.99","DER-NATIVE-001;DER-NATIVE-CORPUS-001"
"0x001658b9","0x001658b8","1","18","_ZN8WaveTossD0Ev","WaveToss::~WaveToss()","app","gameplay","0.99","DER-NATIVE-001;DER-NATIVE-CORPUS-001"
"0x0016588d","0x0016588c","1","44","_ZN8WaveTossD1Ev","WaveToss::~WaveToss()","app","gameplay","0.99","DER-NATIVE-001;DER-NATIVE-CORPUS-001"
"0x001658cd","0x001658cc","1","100","_ZN8WaveToss10OnTossTurnEv","WaveToss::OnTossTurn()","app","gameplay","0.99","DER-NATIVE-001;DER-NATIVE-CORPUS-001"
"0x00165931","0x00165930","1","74","_ZN8WaveToss7onEnterEv","WaveToss::onEnter()","app","gameplay","0.99","DER-NATIVE-001;DER-NATIVE-CORPUS-001"
"0x0016597d","0x0016597c","1","40","_ZN8WaveTossC2Ev","WaveToss::WaveToss()","app","gameplay","0.99","DER-NATIVE-001;DER-NATIVE-CORPUS-001"
"0x0016597d","0x0016597c","1","40","_ZN8WaveTossC1Ev","WaveToss::WaveToss()","app","gameplay","0.99","DER-NATIVE-001;DER-NATIVE-CORPUS-001"
